2026-09-17 22:58:17,333 INFO comtypes.client._code_cache: Imported existing <module 'comtypes.gen' from 'C:\\Users\\chakk\\AppData\\Roaming\\Python\\Python314\\site-packages\\comtypes\\gen\\__init__.py'>
2026-09-17 22:58:17,333 INFO comtypes.client._code_cache: Using writeable comtypes cache directory: 'C:\Users\chakk\AppData\Roaming\Python\Python314\site-packages\comtypes\gen'
2026-09-17 22:58:19,862 INFO mongdee.core.vision: [discover:1] index=1 backend=DSHOW format=MJPG 640x480@30 open=OK read=OK (backend=DSHOW resolution=640x480 fps=30 fourcc=YUY2)
[ WARN:0@20.999] global cap.cpp:477 cv::VideoCapture::open VIDEOIO(DSHOW): backend is generally available but can't be used to capture by index
[ WARN:0@21.004] global cap.cpp:477 cv::VideoCapture::open VIDEOIO(DSHOW): backend is generally available but can't be used to capture by index
[ WARN:0@21.009] global cap.cpp:477 cv::VideoCapture::open VIDEOIO(DSHOW): backend is generally available but can't be used to capture by index
[ WARN:0@21.012] global cap.cpp:477 cv::VideoCapture::open VIDEOIO(DSHOW): backend is generally available but can't be used to capture by index
[ WARN:0@21.015] global cap.cpp:477 cv::VideoCapture::open VIDEOIO(DSHOW): backend is generally available but can't be used to capture by index
[ WARN:0@0.019] global cap_ffmpeg_impl.hpp:1246 open VIDEOIO/FFMPEG: OpenCV should be configured with libavdevice to open a camera device
[ERROR:0@21.464] global obsensor_uvc_stream_channel.cpp:163 cv::obsensor::getStreamChannelGroup Camera index out of range
[ERROR:0@21.783] global obsensor_uvc_stream_channel.cpp:163 cv::obsensor::getStreamChannelGroup Camera index out of range
[ERROR:0@22.167] global obsensor_uvc_stream_channel.cpp:163 cv::obsensor::getStreamChannelGroup Camera index out of range
[ERROR:0@22.540] global obsensor_uvc_stream_channel.cpp:163 cv::obsensor::getStreamChannelGroup Camera index out of range
[ERROR:0@22.834] global obsensor_uvc_stream_channel.cpp:163 cv::obsensor::getStreamChannelGroup Camera index out of range
2026-09-17 22:58:22,243 WARNING mongdee.core.vision: [discover:3] index=3 state=OPEN_FAILED (tried 10 backend/format combinations, none produced a frame)
[ WARN:0@23.035] global cap.cpp:477 cv::VideoCapture::open VIDEOIO(DSHOW): backend is generally available but can't be used to capture by index
[ WARN:0@23.037] global cap.cpp:477 cv::VideoCapture::open VIDEOIO(DSHOW): backend is generally available but can't be used to capture by index
[ WARN:0@23.040] global cap.cpp:477 cv::VideoCapture::open VIDEOIO(DSHOW): backend is generally available but can't be used to capture by index
[ WARN:0@23.042] global cap.cpp:477 cv::VideoCapture::open VIDEOIO(DSHOW): backend is generally available but can't be used to capture by index
[ WARN:0@23.046] global cap.cpp:477 cv::VideoCapture::open VIDEOIO(DSHOW): backend is generally available but can't be used to capture by index
[ERROR:0@23.222] global obsensor_uvc_stream_channel.cpp:163 cv::obsensor::getStreamChannelGroup Camera index out of range
[ERROR:0@23.407] global obsensor_uvc_stream_channel.cpp:163 cv::obsensor::getStreamChannelGroup Camera index out of range
[ERROR:0@23.653] global obsensor_uvc_stream_channel.cpp:163 cv::obsensor::getStreamChannelGroup Camera index out of range
[ERROR:0@24.021] global obsensor_uvc_stream_channel.cpp:163 cv::obsensor::getStreamChannelGroup Camera index out of range
[ERROR:0@24.417] global obsensor_uvc_stream_channel.cpp:163 cv::obsensor::getStreamChannelGroup Camera index out of range
2026-09-17 22:58:23,824 WARNING mongdee.core.vision: [discover:4] index=4 state=OPEN_FAILED (tried 10 backend/format combinations, none produced a frame)
[ WARN:0@24.556] global cap.cpp:477 cv::VideoCapture::open VIDEOIO(DSHOW): backend is generally available but can't be used to capture by index
[ WARN:0@24.558] global cap.cpp:477 cv::VideoCapture::open VIDEOIO(DSHOW): backend is generally available but can't be used to capture by index
[ WARN:0@24.560] global cap.cpp:477 cv::VideoCapture::open VIDEOIO(DSHOW): backend is generally available but can't be used to capture by index
[ WARN:0@24.562] global cap.cpp:477 cv::VideoCapture::open VIDEOIO(DSHOW): backend is generally available but can't be used to capture by index
[ WARN:0@24.564] global cap.cpp:477 cv::VideoCapture::open VIDEOIO(DSHOW): backend is generally available but can't be used to capture by index
[ERROR:0@24.735] global obsensor_uvc_stream_channel.cpp:163 cv::obsensor::getStreamChannelGroup Camera index out of range
[ERROR:0@24.963] global obsensor_uvc_stream_channel.cpp:163 cv::obsensor::getStreamChannelGroup Camera index out of range
[ERROR:0@25.215] global obsensor_uvc_stream_channel.cpp:163 cv::obsensor::getStreamChannelGroup Camera index out of range
[ERROR:0@25.388] global obsensor_uvc_stream_channel.cpp:163 cv::obsensor::getStreamChannelGroup Camera index out of range
[ERROR:0@25.626] global obsensor_uvc_stream_channel.cpp:163 cv::obsensor::getStreamChannelGroup Camera index out of range
2026-09-17 22:58:25,034 WARNING mongdee.core.vision: [discover:5] index=5 state=OPEN_FAILED (tried 10 backend/format combinations, none produced a frame)
[ WARN:0@25.745] global cap.cpp:477 cv::VideoCapture::open VIDEOIO(DSHOW): backend is generally available but can't be used to capture by index
[ WARN:0@25.747] global cap.cpp:477 cv::VideoCapture::open VIDEOIO(DSHOW): backend is generally available but can't be used to capture by index
[ WARN:0@25.749] global cap.cpp:477 cv::VideoCapture::open VIDEOIO(DSHOW): backend is generally available but can't be used to capture by index
[ WARN:0@25.752] global cap.cpp:477 cv::VideoCapture::open VIDEOIO(DSHOW): backend is generally available but can't be used to capture by index
[ WARN:0@25.754] global cap.cpp:477 cv::VideoCapture::open VIDEOIO(DSHOW): backend is generally available but can't be used to capture by index
[ERROR:0@26.435] global obsensor_uvc_stream_channel.cpp:163 cv::obsensor::getStreamChannelGroup Camera index out of range
[ERROR:0@26.729] global obsensor_uvc_stream_channel.cpp:163 cv::obsensor::getStreamChannelGroup Camera index out of range
[ERROR:0@26.949] global obsensor_uvc_stream_channel.cpp:163 cv::obsensor::getStreamChannelGroup Camera index out of range
[ERROR:0@27.121] global obsensor_uvc_stream_channel.cpp:163 cv::obsensor::getStreamChannelGroup Camera index out of range
[ERROR:0@27.378] global obsensor_uvc_stream_channel.cpp:163 cv::obsensor::getStreamChannelGroup Camera index out of range
2026-09-17 22:58:26,785 WARNING mongdee.core.vision: [discover:6] index=6 state=OPEN_FAILED (tried 10 backend/format combinations, none produced a frame)
[ WARN:0@27.610] global cap.cpp:477 cv::VideoCapture::open VIDEOIO(DSHOW): backend is generally available but can't be used to capture by index
[ WARN:0@27.614] global cap.cpp:477 cv::VideoCapture::open VIDEOIO(DSHOW): backend is generally available but can't be used to capture by index
[ WARN:0@27.618] global cap.cpp:477 cv::VideoCapture::open VIDEOIO(DSHOW): backend is generally available but can't be used to capture by index
[ WARN:0@27.622] global cap.cpp:477 cv::VideoCapture::open VIDEOIO(DSHOW): backend is generally available but can't be used to capture by index
[ WARN:0@27.625] global cap.cpp:477 cv::VideoCapture::open VIDEOIO(DSHOW): backend is generally available but can't be used to capture by index
[ERROR:0@27.919] global obsensor_uvc_stream_channel.cpp:163 cv::obsensor::getStreamChannelGroup Camera index out of range
[ERROR:0@28.199] global obsensor_uvc_stream_channel.cpp:163 cv::obsensor::getStreamChannelGroup Camera index out of range
[ERROR:0@28.484] global obsensor_uvc_stream_channel.cpp:163 cv::obsensor::getStreamChannelGroup Camera index out of range
[ERROR:0@28.833] global obsensor_uvc_stream_channel.cpp:163 cv::obsensor::getStreamChannelGroup Camera index out of range
[ERROR:0@29.148] global obsensor_uvc_stream_channel.cpp:163 cv::obsensor::getStreamChannelGroup Camera index out of range
2026-09-17 22:58:28,555 WARNING mongdee.core.vision: [discover:7] index=7 state=OPEN_FAILED (tried 10 backend/format combinations, none produced a frame)
[ WARN:0@29.296] global cap.cpp:477 cv::VideoCapture::open VIDEOIO(DSHOW): backend is generally available but can't be used to capture by index
[ WARN:0@29.299] global cap.cpp:477 cv::VideoCapture::open VIDEOIO(DSHOW): backend is generally available but can't be used to capture by index
[ WARN:0@29.301] global cap.cpp:477 cv::VideoCapture::open VIDEOIO(DSHOW): backend is generally available but can't be used to capture by index
[ WARN:0@29.303] global cap.cpp:477 cv::VideoCapture::open VIDEOIO(DSHOW): backend is generally available but can't be used to capture by index
[ WARN:0@29.305] global cap.cpp:477 cv::VideoCapture::open VIDEOIO(DSHOW): backend is generally available but can't be used to capture by index
[ERROR:0@29.491] global obsensor_uvc_stream_channel.cpp:163 cv::obsensor::getStreamChannelGroup Camera index out of range
[ERROR:0@29.733] global obsensor_uvc_stream_channel.cpp:163 cv::obsensor::getStreamChannelGroup Camera index out of range
[ERROR:0@30.014] global obsensor_uvc_stream_channel.cpp:163 cv::obsensor::getStreamChannelGroup Camera index out of range
[ERROR:0@30.286] global obsensor_uvc_stream_channel.cpp:163 cv::obsensor::getStreamChannelGroup Camera index out of range
[ERROR:0@30.636] global obsensor_uvc_stream_channel.cpp:163 cv::obsensor::getStreamChannelGroup Camera index out of range
2026-09-17 22:58:30,043 WARNING mongdee.core.vision: [discover:8] index=8 state=OPEN_FAILED (tried 10 backend/format combinations, none produced a frame)
[ WARN:0@30.890] global cap.cpp:477 cv::VideoCapture::open VIDEOIO(DSHOW): backend is generally available but can't be used to capture by index
[ WARN:0@30.894] global cap.cpp:477 cv::VideoCapture::open VIDEOIO(DSHOW): backend is generally available but can't be used to capture by index
[ WARN:0@30.898] global cap.cpp:477 cv::VideoCapture::open VIDEOIO(DSHOW): backend is generally available but can't be used to capture by index
[ WARN:0@30.901] global cap.cpp:477 cv::VideoCapture::open VIDEOIO(DSHOW): backend is generally available but can't be used to capture by index
[ WARN:0@30.904] global cap.cpp:477 cv::VideoCapture::open VIDEOIO(DSHOW): backend is generally available but can't be used to capture by index
[ERROR:0@31.141] global obsensor_uvc_stream_channel.cpp:163 cv::obsensor::getStreamChannelGroup Camera index out of range
[ERROR:0@31.315] global obsensor_uvc_stream_channel.cpp:163 cv::obsensor::getStreamChannelGroup Camera index out of range
[ERROR:0@31.588] global obsensor_uvc_stream_channel.cpp:163 cv::obsensor::getStreamChannelGroup Camera index out of range
[ERROR:0@31.853] global obsensor_uvc_stream_channel.cpp:163 cv::obsensor::getStreamChannelGroup Camera index out of range
[ERROR:0@32.089] global obsensor_uvc_stream_channel.cpp:163 cv::obsensor::getStreamChannelGroup Camera index out of range
2026-09-17 22:58:31,496 WARNING mongdee.core.vision: [discover:9] index=9 state=OPEN_FAILED (tried 10 backend/format combinations, none produced a frame)
[ WARN:0@32.223] global cap.cpp:477 cv::VideoCapture::open VIDEOIO(DSHOW): backend is generally available but can't be used to capture by index
[ WARN:0@32.225] global cap.cpp:477 cv::VideoCapture::open VIDEOIO(DSHOW): backend is generally available but can't be used to capture by index
[ WARN:0@32.227] global cap.cpp:477 cv::VideoCapture::open VIDEOIO(DSHOW): backend is generally available but can't be used to capture by index
[ WARN:0@32.229] global cap.cpp:477 cv::VideoCapture::open VIDEOIO(DSHOW): backend is generally available but can't be used to capture by index
[ WARN:0@32.231] global cap.cpp:477 cv::VideoCapture::open VIDEOIO(DSHOW): backend is generally available but can't be used to capture by index
[ERROR:0@32.482] global obsensor_uvc_stream_channel.cpp:163 cv::obsensor::getStreamChannelGroup Camera index out of range
[ERROR:0@32.737] global obsensor_uvc_stream_channel.cpp:163 cv::obsensor::getStreamChannelGroup Camera index out of range
[ERROR:0@32.975] global obsensor_uvc_stream_channel.cpp:163 cv::obsensor::getStreamChannelGroup Camera index out of range
[ERROR:0@33.211] global obsensor_uvc_stream_channel.cpp:163 cv::obsensor::getStreamChannelGroup Camera index out of range
[ERROR:0@33.468] global obsensor_uvc_stream_channel.cpp:163 cv::obsensor::getStreamChannelGroup Camera index out of range
2026-09-17 22:58:32,875 WARNING mongdee.core.vision: [discover:10] index=10 state=OPEN_FAILED (tried 10 backend/format combinations, none produced a frame)
[ WARN:0@33.727] global cap.cpp:477 cv::VideoCapture::open VIDEOIO(DSHOW): backend is generally available but can't be used to capture by index
[ WARN:0@33.729] global cap.cpp:477 cv::VideoCapture::open VIDEOIO(DSHOW): backend is generally available but can't be used to capture by index
[ WARN:0@33.731] global cap.cpp:477 cv::VideoCapture::open VIDEOIO(DSHOW): backend is generally available but can't be used to capture by index
[ WARN:0@33.734] global cap.cpp:477 cv::VideoCapture::open VIDEOIO(DSHOW): backend is generally available but can't be used to capture by index
[ WARN:0@33.736] global cap.cpp:477 cv::VideoCapture::open VIDEOIO(DSHOW): backend is generally available but can't be used to capture by index
[ERROR:0@34.000] global obsensor_uvc_stream_channel.cpp:163 cv::obsensor::getStreamChannelGroup Camera index out of range
[ERROR:0@34.173] global obsensor_uvc_stream_channel.cpp:163 cv::obsensor::getStreamChannelGroup Camera index out of range
[ERROR:0@34.412] global obsensor_uvc_stream_channel.cpp:163 cv::obsensor::getStreamChannelGroup Camera index out of range
[ERROR:0@34.667] global obsensor_uvc_stream_channel.cpp:163 cv::obsensor::getStreamChannelGroup Camera index out of range
[ERROR:0@34.919] global obsensor_uvc_stream_channel.cpp:163 cv::obsensor::getStreamChannelGroup Camera index out of range
2026-09-17 22:58:34,326 WARNING mongdee.core.vision: [discover:11] index=11 state=OPEN_FAILED (tried 10 backend/format combinations, none produced a frame)
[ WARN:0@35.067] global cap.cpp:477 cv::VideoCapture::open VIDEOIO(DSHOW): backend is generally available but can't be used to capture by index
[ WARN:0@35.070] global cap.cpp:477 cv::VideoCapture::open VIDEOIO(DSHOW): backend is generally available but can't be used to capture by index
[ WARN:0@35.073] global cap.cpp:477 cv::VideoCapture::open VIDEOIO(DSHOW): backend is generally available but can't be used to capture by index
[ WARN:0@35.075] global cap.cpp:477 cv::VideoCapture::open VIDEOIO(DSHOW): backend is generally available but can't be used to capture by index
[ WARN:0@35.077] global cap.cpp:477 cv::VideoCapture::open VIDEOIO(DSHOW): backend is generally available but can't be used to capture by index
[ERROR:0@35.331] global obsensor_uvc_stream_channel.cpp:163 cv::obsensor::getStreamChannelGroup Camera index out of range
[ERROR:0@35.660] global obsensor_uvc_stream_channel.cpp:163 cv::obsensor::getStreamChannelGroup Camera index out of range
[ERROR:0@35.918] global obsensor_uvc_stream_channel.cpp:163 cv::obsensor::getStreamChannelGroup Camera index out of range
[ERROR:0@36.114] global obsensor_uvc_stream_channel.cpp:163 cv::obsensor::getStreamChannelGroup Camera index out of range
[ERROR:0@36.305] global obsensor_uvc_stream_channel.cpp:163 cv::obsensor::getStreamChannelGroup Camera index out of range
2026-09-17 22:58:36,110 WARNING mongdee.core.vision: [discover:12] index=12 state=OPEN_FAILED (tried 10 backend/format combinations, none produced a frame)
[ WARN:0@36.885] global cap.cpp:477 cv::VideoCapture::open VIDEOIO(DSHOW): backend is generally available but can't be used to capture by index
[ WARN:0@36.888] global cap.cpp:477 cv::VideoCapture::open VIDEOIO(DSHOW): backend is generally available but can't be used to capture by index
[ WARN:0@36.889] global cap.cpp:477 cv::VideoCapture::open VIDEOIO(DSHOW): backend is generally available but can't be used to capture by index
[ WARN:0@36.891] global cap.cpp:477 cv::VideoCapture::open VIDEOIO(DSHOW): backend is generally available but can't be used to capture by index
[ WARN:0@36.893] global cap.cpp:477 cv::VideoCapture::open VIDEOIO(DSHOW): backend is generally available but can't be used to capture by index
[ERROR:0@37.127] global obsensor_uvc_stream_channel.cpp:163 cv::obsensor::getStreamChannelGroup Camera index out of range
[ERROR:0@37.336] global obsensor_uvc_stream_channel.cpp:163 cv::obsensor::getStreamChannelGroup Camera index out of range
[ERROR:0@37.591] global obsensor_uvc_stream_channel.cpp:163 cv::obsensor::getStreamChannelGroup Camera index out of range
[ERROR:0@37.873] global obsensor_uvc_stream_channel.cpp:163 cv::obsensor::getStreamChannelGroup Camera index out of range
[ERROR:0@38.061] global obsensor_uvc_stream_channel.cpp:163 cv::obsensor::getStreamChannelGroup Camera index out of range
2026-09-17 22:58:37,468 WARNING mongdee.core.vision: [discover:13] index=13 state=OPEN_FAILED (tried 10 backend/format combinations, none produced a frame)
[ WARN:0@38.208] global cap.cpp:477 cv::VideoCapture::open VIDEOIO(DSHOW): backend is generally available but can't be used to capture by index
[ WARN:0@38.211] global cap.cpp:477 cv::VideoCapture::open VIDEOIO(DSHOW): backend is generally available but can't be used to capture by index
[ WARN:0@38.213] global cap.cpp:477 cv::VideoCapture::open VIDEOIO(DSHOW): backend is generally available but can't be used to capture by index
[ WARN:0@38.215] global cap.cpp:477 cv::VideoCapture::open VIDEOIO(DSHOW): backend is generally available but can't be used to capture by index
[ WARN:0@38.217] global cap.cpp:477 cv::VideoCapture::open VIDEOIO(DSHOW): backend is generally available but can't be used to capture by index
[ERROR:0@38.424] global obsensor_uvc_stream_channel.cpp:163 cv::obsensor::getStreamChannelGroup Camera index out of range
[ERROR:0@38.727] global obsensor_uvc_stream_channel.cpp:163 cv::obsensor::getStreamChannelGroup Camera index out of range
[ERROR:0@38.948] global obsensor_uvc_stream_channel.cpp:163 cv::obsensor::getStreamChannelGroup Camera index out of range
[ERROR:0@39.130] global obsensor_uvc_stream_channel.cpp:163 cv::obsensor::getStreamChannelGroup Camera index out of range
[ERROR:0@39.346] global obsensor_uvc_stream_channel.cpp:163 cv::obsensor::getStreamChannelGroup Camera index out of range
2026-09-17 22:58:38,753 WARNING mongdee.core.vision: [discover:14] index=14 state=OPEN_FAILED (tried 10 backend/format combinations, none produced a frame)
[ WARN:0@39.522] global cap.cpp:477 cv::VideoCapture::open VIDEOIO(DSHOW): backend is generally available but can't be used to capture by index
[ WARN:0@39.524] global cap.cpp:477 cv::VideoCapture::open VIDEOIO(DSHOW): backend is generally available but can't be used to capture by index
[ WARN:0@39.527] global cap.cpp:477 cv::VideoCapture::open VIDEOIO(DSHOW): backend is generally available but can't be used to capture by index
[ WARN:0@39.529] global cap.cpp:477 cv::VideoCapture::open VIDEOIO(DSHOW): backend is generally available but can't be used to capture by index
[ WARN:0@39.531] global cap.cpp:477 cv::VideoCapture::open VIDEOIO(DSHOW): backend is generally available but can't be used to capture by index
[ERROR:0@39.769] global obsensor_uvc_stream_channel.cpp:163 cv::obsensor::getStreamChannelGroup Camera index out of range
[ERROR:0@40.037] global obsensor_uvc_stream_channel.cpp:163 cv::obsensor::getStreamChannelGroup Camera index out of range
[ERROR:0@40.189] global obsensor_uvc_stream_channel.cpp:163 cv::obsensor::getStreamChannelGroup Camera index out of range
[ERROR:0@40.386] global obsensor_uvc_stream_channel.cpp:163 cv::obsensor::getStreamChannelGroup Camera index out of range
[ERROR:0@40.577] global obsensor_uvc_stream_channel.cpp:163 cv::obsensor::getStreamChannelGroup Camera index out of range
2026-09-17 22:58:39,984 WARNING mongdee.core.vision: [discover:15] index=15 state=OPEN_FAILED (tried 10 backend/format combinations, none produced a frame)
2026-09-17 22:58:41,425 INFO mongdee.web.booth_manager: [HW] CPU: 8 logical / 4 physical cores | RAM: 15.8 GB | GPU: ไม่มี (CPU only) | Tier: MEDIUM
2026-09-17 22:58:43,288 INFO mongdee.web.booth_manager: [SCHEDULE] ถึงเวลาเปิดบูธ (-) — เริ่มกล้องอัตโนมัติ
2026-09-17 22:58:44,875 INFO mongdee.core.vision: [CAM-1] index=1 backend=DSHOW format=MJPG 640x480@30 open=OK read=OK (backend=DSHOW resolution=640x480 fps=30 fourcc=YUY2)
2026-09-17 22:58:45,297 INFO mongdee.core.performance: [PERF] CAM-1: restoring AI input resolution (320px -> 480px)
2026-09-17 22:58:47,305 INFO mongdee.core.performance: [PERF] CAM-1: reducing AI input resolution (480px -> 320px)
[ WARN:1@49.541] global cap.cpp:477 cv::VideoCapture::open VIDEOIO(DSHOW): backend is generally available but can't be used to capture by index
[ WARN:1@49.546] global cap.cpp:477 cv::VideoCapture::open VIDEOIO(DSHOW): backend is generally available but can't be used to capture by index
[ WARN:1@49.551] global cap.cpp:477 cv::VideoCapture::open VIDEOIO(DSHOW): backend is generally available but can't be used to capture by index
[ WARN:1@49.555] global cap.cpp:477 cv::VideoCapture::open VIDEOIO(DSHOW): backend is generally available but can't be used to capture by index
[ WARN:1@49.560] global cap.cpp:477 cv::VideoCapture::open VIDEOIO(DSHOW): backend is generally available but can't be used to capture by index
[ERROR:1@49.643] global obsensor_uvc_stream_channel.cpp:163 cv::obsensor::getStreamChannelGroup Camera index out of range
[ERROR:1@49.717] global obsensor_uvc_stream_channel.cpp:163 cv::obsensor::getStreamChannelGroup Camera index out of range
[ERROR:1@49.788] global obsensor_uvc_stream_channel.cpp:163 cv::obsensor::getStreamChannelGroup Camera index out of range
[ERROR:1@49.934] global obsensor_uvc_stream_channel.cpp:163 cv::obsensor::getStreamChannelGroup Camera index out of range
[ERROR:1@50.050] global obsensor_uvc_stream_channel.cpp:163 cv::obsensor::getStreamChannelGroup Camera index out of range
2026-09-17 22:58:49,457 WARNING mongdee.core.vision: [discover:3] index=3 state=OPEN_FAILED (tried 10 backend/format combinations, none produced a frame)
[ WARN:1@50.423] global cap.cpp:477 cv::VideoCapture::open VIDEOIO(DSHOW): backend is generally available but can't be used to capture by index
[ WARN:1@50.429] global cap.cpp:477 cv::VideoCapture::open VIDEOIO(DSHOW): backend is generally available but can't be used to capture by index
[ WARN:1@50.435] global cap.cpp:477 cv::VideoCapture::open VIDEOIO(DSHOW): backend is generally available but can't be used to capture by index
[ WARN:1@50.441] global cap.cpp:477 cv::VideoCapture::open VIDEOIO(DSHOW): backend is generally available but can't be used to capture by index
[ WARN:1@50.446] global cap.cpp:477 cv::VideoCapture::open VIDEOIO(DSHOW): backend is generally available but can't be used to capture by index
[ERROR:1@50.534] global obsensor_uvc_stream_channel.cpp:163 cv::obsensor::getStreamChannelGroup Camera index out of range
[ERROR:1@50.606] global obsensor_uvc_stream_channel.cpp:163 cv::obsensor::getStreamChannelGroup Camera index out of range
[ERROR:1@50.703] global obsensor_uvc_stream_channel.cpp:163 cv::obsensor::getStreamChannelGroup Camera index out of range
[ERROR:1@50.828] global obsensor_uvc_stream_channel.cpp:163 cv::obsensor::getStreamChannelGroup Camera index out of range
[ERROR:1@50.918] global obsensor_uvc_stream_channel.cpp:163 cv::obsensor::getStreamChannelGroup Camera index out of range
2026-09-17 22:58:50,325 WARNING mongdee.core.vision: [discover:4] index=4 state=OPEN_FAILED (tried 10 backend/format combinations, none produced a frame)
[ WARN:1@51.374] global cap.cpp:477 cv::VideoCapture::open VIDEOIO(DSHOW): backend is generally available but can't be used to capture by index
[ WARN:1@51.380] global cap.cpp:477 cv::VideoCapture::open VIDEOIO(DSHOW): backend is generally available but can't be used to capture by index
[ WARN:1@51.385] global cap.cpp:477 cv::VideoCapture::open VIDEOIO(DSHOW): backend is generally available but can't be used to capture by index
[ WARN:1@51.390] global cap.cpp:477 cv::VideoCapture::open VIDEOIO(DSHOW): backend is generally available but can't be used to capture by index
[ WARN:1@51.395] global cap.cpp:477 cv::VideoCapture::open VIDEOIO(DSHOW): backend is generally available but can't be used to capture by index
[ERROR:1@51.484] global obsensor_uvc_stream_channel.cpp:163 cv::obsensor::getStreamChannelGroup Camera index out of range
[ERROR:1@51.602] global obsensor_uvc_stream_channel.cpp:163 cv::obsensor::getStreamChannelGroup Camera index out of range
[ERROR:1@51.692] global obsensor_uvc_stream_channel.cpp:163 cv::obsensor::getStreamChannelGroup Camera index out of range
[ERROR:1@51.776] global obsensor_uvc_stream_channel.cpp:163 cv::obsensor::getStreamChannelGroup Camera index out of range
[ERROR:1@51.856] global obsensor_uvc_stream_channel.cpp:163 cv::obsensor::getStreamChannelGroup Camera index out of range
2026-09-17 22:58:51,263 WARNING mongdee.core.vision: [discover:5] index=5 state=OPEN_FAILED (tried 10 backend/format combinations, none produced a frame)
[ WARN:1@52.213] global cap.cpp:477 cv::VideoCapture::open VIDEOIO(DSHOW): backend is generally available but can't be used to capture by index
[ WARN:1@52.218] global cap.cpp:477 cv::VideoCapture::open VIDEOIO(DSHOW): backend is generally available but can't be used to capture by index
[ WARN:1@52.223] global cap.cpp:477 cv::VideoCapture::open VIDEOIO(DSHOW): backend is generally available but can't be used to capture by index
[ WARN:1@52.227] global cap.cpp:477 cv::VideoCapture::open VIDEOIO(DSHOW): backend is generally available but can't be used to capture by index
[ WARN:1@52.231] global cap.cpp:477 cv::VideoCapture::open VIDEOIO(DSHOW): backend is generally available but can't be used to capture by index
[ERROR:1@52.299] global obsensor_uvc_stream_channel.cpp:163 cv::obsensor::getStreamChannelGroup Camera index out of range
[ERROR:1@52.373] global obsensor_uvc_stream_channel.cpp:163 cv::obsensor::getStreamChannelGroup Camera index out of range
[ERROR:1@52.486] global obsensor_uvc_stream_channel.cpp:163 cv::obsensor::getStreamChannelGroup Camera index out of range
[ERROR:1@52.563] global obsensor_uvc_stream_channel.cpp:163 cv::obsensor::getStreamChannelGroup Camera index out of range
[ERROR:1@52.648] global obsensor_uvc_stream_channel.cpp:163 cv::obsensor::getStreamChannelGroup Camera index out of range
2026-09-17 22:58:52,055 WARNING mongdee.core.vision: [discover:6] index=6 state=OPEN_FAILED (tried 10 backend/format combinations, none produced a frame)
[ WARN:1@53.149] global cap.cpp:477 cv::VideoCapture::open VIDEOIO(DSHOW): backend is generally available but can't be used to capture by index
[ WARN:1@53.155] global cap.cpp:477 cv::VideoCapture::open VIDEOIO(DSHOW): backend is generally available but can't be used to capture by index
[ WARN:1@53.162] global cap.cpp:477 cv::VideoCapture::open VIDEOIO(DSHOW): backend is generally available but can't be used to capture by index
[ WARN:1@53.169] global cap.cpp:477 cv::VideoCapture::open VIDEOIO(DSHOW): backend is generally available but can't be used to capture by index
[ WARN:1@53.177] global cap.cpp:477 cv::VideoCapture::open VIDEOIO(DSHOW): backend is generally available but can't be used to capture by index
[ERROR:1@53.276] global obsensor_uvc_stream_channel.cpp:163 cv::obsensor::getStreamChannelGroup Camera index out of range
[ERROR:1@53.363] global obsensor_uvc_stream_channel.cpp:163 cv::obsensor::getStreamChannelGroup Camera index out of range
[ERROR:1@53.466] global obsensor_uvc_stream_channel.cpp:163 cv::obsensor::getStreamChannelGroup Camera index out of range
[ERROR:1@53.549] global obsensor_uvc_stream_channel.cpp:163 cv::obsensor::getStreamChannelGroup Camera index out of range
[ERROR:1@53.639] global obsensor_uvc_stream_channel.cpp:163 cv::obsensor::getStreamChannelGroup Camera index out of range
2026-09-17 22:58:53,046 WARNING mongdee.core.vision: [discover:7] index=7 state=OPEN_FAILED (tried 10 backend/format combinations, none produced a frame)
[ WARN:1@54.102] global cap.cpp:477 cv::VideoCapture::open VIDEOIO(DSHOW): backend is generally available but can't be used to capture by index
[ WARN:1@54.109] global cap.cpp:477 cv::VideoCapture::open VIDEOIO(DSHOW): backend is generally available but can't be used to capture by index
[ WARN:1@54.116] global cap.cpp:477 cv::VideoCapture::open VIDEOIO(DSHOW): backend is generally available but can't be used to capture by index
[ WARN:1@54.123] global cap.cpp:477 cv::VideoCapture::open VIDEOIO(DSHOW): backend is generally available but can't be used to capture by index
[ WARN:1@54.131] global cap.cpp:477 cv::VideoCapture::open VIDEOIO(DSHOW): backend is generally available but can't be used to capture by index
[ERROR:1@54.233] global obsensor_uvc_stream_channel.cpp:163 cv::obsensor::getStreamChannelGroup Camera index out of range
[ERROR:1@54.311] global obsensor_uvc_stream_channel.cpp:163 cv::obsensor::getStreamChannelGroup Camera index out of range
[ERROR:1@54.394] global obsensor_uvc_stream_channel.cpp:163 cv::obsensor::getStreamChannelGroup Camera index out of range
[ERROR:1@54.473] global obsensor_uvc_stream_channel.cpp:163 cv::obsensor::getStreamChannelGroup Camera index out of range
[ERROR:1@54.556] global obsensor_uvc_stream_channel.cpp:163 cv::obsensor::getStreamChannelGroup Camera index out of range
2026-09-17 22:58:53,963 WARNING mongdee.core.vision: [discover:8] index=8 state=OPEN_FAILED (tried 10 backend/format combinations, none produced a frame)
[ WARN:1@55.058] global cap.cpp:477 cv::VideoCapture::open VIDEOIO(DSHOW): backend is generally available but can't be used to capture by index
[ WARN:1@55.064] global cap.cpp:477 cv::VideoCapture::open VIDEOIO(DSHOW): backend is generally available but can't be used to capture by index
[ WARN:1@55.071] global cap.cpp:477 cv::VideoCapture::open VIDEOIO(DSHOW): backend is generally available but can't be used to capture by index
[ WARN:1@55.077] global cap.cpp:477 cv::VideoCapture::open VIDEOIO(DSHOW): backend is generally available but can't be used to capture by index
[ WARN:1@55.084] global cap.cpp:477 cv::VideoCapture::open VIDEOIO(DSHOW): backend is generally available but can't be used to capture by index
[ERROR:1@55.166] global obsensor_uvc_stream_channel.cpp:163 cv::obsensor::getStreamChannelGroup Camera index out of range
[ERROR:1@55.244] global obsensor_uvc_stream_channel.cpp:163 cv::obsensor::getStreamChannelGroup Camera index out of range
[ERROR:1@55.325] global obsensor_uvc_stream_channel.cpp:163 cv::obsensor::getStreamChannelGroup Camera index out of range
[ERROR:1@55.408] global obsensor_uvc_stream_channel.cpp:163 cv::obsensor::getStreamChannelGroup Camera index out of range
[ERROR:1@55.496] global obsensor_uvc_stream_channel.cpp:163 cv::obsensor::getStreamChannelGroup Camera index out of range
2026-09-17 22:58:54,903 WARNING mongdee.core.vision: [discover:9] index=9 state=OPEN_FAILED (tried 10 backend/format combinations, none produced a frame)
2026-09-17 22:58:55,344 WARNING mongdee.core.performance: [PERF] CPU สูงต่อเนื่อง (100% >= 95% นาน 6s) — พัก AI ทั้งระบบชั่วคราว (Camera Preview ยังทำงานปกติ)
[ WARN:1@55.972] global cap.cpp:477 cv::VideoCapture::open VIDEOIO(DSHOW): backend is generally available but can't be used to capture by index
[ WARN:1@55.977] global cap.cpp:477 cv::VideoCapture::open VIDEOIO(DSHOW): backend is generally available but can't be used to capture by index
[ WARN:1@55.984] global cap.cpp:477 cv::VideoCapture::open VIDEOIO(DSHOW): backend is generally available but can't be used to capture by index
[ WARN:1@55.990] global cap.cpp:477 cv::VideoCapture::open VIDEOIO(DSHOW): backend is generally available but can't be used to capture by index
[ WARN:1@55.999] global cap.cpp:477 cv::VideoCapture::open VIDEOIO(DSHOW): backend is generally available but can't be used to capture by index
[ERROR:1@56.090] global obsensor_uvc_stream_channel.cpp:163 cv::obsensor::getStreamChannelGroup Camera index out of range
[ERROR:1@56.186] global obsensor_uvc_stream_channel.cpp:163 cv::obsensor::getStreamChannelGroup Camera index out of range
[ERROR:1@56.262] global obsensor_uvc_stream_channel.cpp:163 cv::obsensor::getStreamChannelGroup Camera index out of range
[ERROR:1@56.320] global obsensor_uvc_stream_channel.cpp:163 cv::obsensor::getStreamChannelGroup Camera index out of range
[ERROR:1@56.382] global obsensor_uvc_stream_channel.cpp:163 cv::obsensor::getStreamChannelGroup Camera index out of range
2026-09-17 22:58:55,790 WARNING mongdee.core.vision: [discover:10] index=10 state=OPEN_FAILED (tried 10 backend/format combinations, none produced a frame)
[ WARN:1@56.607] global cap.cpp:477 cv::VideoCapture::open VIDEOIO(DSHOW): backend is generally available but can't be used to capture by index
[ WARN:1@56.611] global cap.cpp:477 cv::VideoCapture::open VIDEOIO(DSHOW): backend is generally available but can't be used to capture by index
[ WARN:1@56.616] global cap.cpp:477 cv::VideoCapture::open VIDEOIO(DSHOW): backend is generally available but can't be used to capture by index
[ WARN:1@56.619] global cap.cpp:477 cv::VideoCapture::open VIDEOIO(DSHOW): backend is generally available but can't be used to capture by index
[ WARN:1@56.622] global cap.cpp:477 cv::VideoCapture::open VIDEOIO(DSHOW): backend is generally available but can't be used to capture by index
[ERROR:1@56.716] global obsensor_uvc_stream_channel.cpp:163 cv::obsensor::getStreamChannelGroup Camera index out of range
[ERROR:1@56.746] global obsensor_uvc_stream_channel.cpp:163 cv::obsensor::getStreamChannelGroup Camera index out of range
[ERROR:1@56.778] global obsensor_uvc_stream_channel.cpp:163 cv::obsensor::getStreamChannelGroup Camera index out of range
[ERROR:1@56.840] global obsensor_uvc_stream_channel.cpp:163 cv::obsensor::getStreamChannelGroup Camera index out of range
[ERROR:1@56.890] global obsensor_uvc_stream_channel.cpp:163 cv::obsensor::getStreamChannelGroup Camera index out of range
2026-09-17 22:58:56,297 WARNING mongdee.core.vision: [discover:11] index=11 state=OPEN_FAILED (tried 10 backend/format combinations, none produced a frame)
[ WARN:1@57.005] global cap.cpp:477 cv::VideoCapture::open VIDEOIO(DSHOW): backend is generally available but can't be used to capture by index
[ WARN:1@57.006] global cap.cpp:477 cv::VideoCapture::open VIDEOIO(DSHOW): backend is generally available but can't be used to capture by index
[ WARN:1@57.008] global cap.cpp:477 cv::VideoCapture::open VIDEOIO(DSHOW): backend is generally available but can't be used to capture by index
[ WARN:1@57.009] global cap.cpp:477 cv::VideoCapture::open VIDEOIO(DSHOW): backend is generally available but can't be used to capture by index
[ WARN:1@57.011] global cap.cpp:477 cv::VideoCapture::open VIDEOIO(DSHOW): backend is generally available but can't be used to capture by index
[ERROR:1@57.038] global obsensor_uvc_stream_channel.cpp:163 cv::obsensor::getStreamChannelGroup Camera index out of range
[ERROR:1@57.064] global obsensor_uvc_stream_channel.cpp:163 cv::obsensor::getStreamChannelGroup Camera index out of range
[ERROR:1@57.134] global obsensor_uvc_stream_channel.cpp:163 cv::obsensor::getStreamChannelGroup Camera index out of range
[ERROR:1@57.160] global obsensor_uvc_stream_channel.cpp:163 cv::obsensor::getStreamChannelGroup Camera index out of range
[ERROR:1@57.185] global obsensor_uvc_stream_channel.cpp:163 cv::obsensor::getStreamChannelGroup Camera index out of range
2026-09-17 22:58:56,593 WARNING mongdee.core.vision: [discover:12] index=12 state=OPEN_FAILED (tried 10 backend/format combinations, none produced a frame)
[ WARN:1@57.262] global cap.cpp:477 cv::VideoCapture::open VIDEOIO(DSHOW): backend is generally available but can't be used to capture by index
[ WARN:1@57.264] global cap.cpp:477 cv::VideoCapture::open VIDEOIO(DSHOW): backend is generally available but can't be used to capture by index
[ WARN:1@57.265] global cap.cpp:477 cv::VideoCapture::open VIDEOIO(DSHOW): backend is generally available but can't be used to capture by index
[ WARN:1@57.266] global cap.cpp:477 cv::VideoCapture::open VIDEOIO(DSHOW): backend is generally available but can't be used to capture by index
[ WARN:1@57.268] global cap.cpp:477 cv::VideoCapture::open VIDEOIO(DSHOW): backend is generally available but can't be used to capture by index
[ERROR:1@57.295] global obsensor_uvc_stream_channel.cpp:163 cv::obsensor::getStreamChannelGroup Camera index out of range
[ERROR:1@57.323] global obsensor_uvc_stream_channel.cpp:163 cv::obsensor::getStreamChannelGroup Camera index out of range
[ERROR:1@57.354] global obsensor_uvc_stream_channel.cpp:163 cv::obsensor::getStreamChannelGroup Camera index out of range
[ERROR:1@57.383] global obsensor_uvc_stream_channel.cpp:163 cv::obsensor::getStreamChannelGroup Camera index out of range
[ERROR:1@57.411] global obsensor_uvc_stream_channel.cpp:163 cv::obsensor::getStreamChannelGroup Camera index out of range
2026-09-17 22:58:56,819 WARNING mongdee.core.vision: [discover:13] index=13 state=OPEN_FAILED (tried 10 backend/format combinations, none produced a frame)
[ WARN:1@57.488] global cap.cpp:477 cv::VideoCapture::open VIDEOIO(DSHOW): backend is generally available but can't be used to capture by index
[ WARN:1@57.490] global cap.cpp:477 cv::VideoCapture::open VIDEOIO(DSHOW): backend is generally available but can't be used to capture by index
[ WARN:1@57.491] global cap.cpp:477 cv::VideoCapture::open VIDEOIO(DSHOW): backend is generally available but can't be used to capture by index
[ WARN:1@57.492] global cap.cpp:477 cv::VideoCapture::open VIDEOIO(DSHOW): backend is generally available but can't be used to capture by index
[ WARN:1@57.494] global cap.cpp:477 cv::VideoCapture::open VIDEOIO(DSHOW): backend is generally available but can't be used to capture by index
[ERROR:1@57.651] global obsensor_uvc_stream_channel.cpp:163 cv::obsensor::getStreamChannelGroup Camera index out of range
[ERROR:1@57.682] global obsensor_uvc_stream_channel.cpp:163 cv::obsensor::getStreamChannelGroup Camera index out of range
[ERROR:1@57.715] global obsensor_uvc_stream_channel.cpp:163 cv::obsensor::getStreamChannelGroup Camera index out of range
[ERROR:1@57.755] global obsensor_uvc_stream_channel.cpp:163 cv::obsensor::getStreamChannelGroup Camera index out of range
[ERROR:1@57.808] global obsensor_uvc_stream_channel.cpp:163 cv::obsensor::getStreamChannelGroup Camera index out of range
2026-09-17 22:58:57,215 WARNING mongdee.core.vision: [discover:14] index=14 state=OPEN_FAILED (tried 10 backend/format combinations, none produced a frame)
[ WARN:1@57.935] global cap.cpp:477 cv::VideoCapture::open VIDEOIO(DSHOW): backend is generally available but can't be used to capture by index
[ WARN:1@57.938] global cap.cpp:477 cv::VideoCapture::open VIDEOIO(DSHOW): backend is generally available but can't be used to capture by index
[ WARN:1@57.940] global cap.cpp:477 cv::VideoCapture::open VIDEOIO(DSHOW): backend is generally available but can't be used to capture by index
[ WARN:1@57.945] global cap.cpp:477 cv::VideoCapture::open VIDEOIO(DSHOW): backend is generally available but can't be used to capture by index
[ WARN:1@57.947] global cap.cpp:477 cv::VideoCapture::open VIDEOIO(DSHOW): backend is generally available but can't be used to capture by index
[ERROR:1@57.985] global obsensor_uvc_stream_channel.cpp:163 cv::obsensor::getStreamChannelGroup Camera index out of range
[ERROR:1@58.033] global obsensor_uvc_stream_channel.cpp:163 cv::obsensor::getStreamChannelGroup Camera index out of range
[ERROR:1@58.088] global obsensor_uvc_stream_channel.cpp:163 cv::obsensor::getStreamChannelGroup Camera index out of range
[ERROR:1@58.151] global obsensor_uvc_stream_channel.cpp:163 cv::obsensor::getStreamChannelGroup Camera index out of range
[ERROR:1@58.196] global obsensor_uvc_stream_channel.cpp:163 cv::obsensor::getStreamChannelGroup Camera index out of range
2026-09-17 22:58:57,603 WARNING mongdee.core.vision: [discover:15] index=15 state=OPEN_FAILED (tried 10 backend/format combinations, none produced a frame)
2026-09-17 22:59:03,364 INFO mongdee.core.performance: [PERF] CPU กลับสู่ปกติ (12% <= 70% นาน 6s) — เริ่ม AI ต่ออัตโนมัติ
2026-09-17 22:59:05,369 INFO mongdee.core.performance: [PERF] CAM-1: restoring AI input resolution (320px -> 480px)
2026-09-17 22:59:07,373 INFO mongdee.core.performance: [PERF] CAM-1: reducing AI input resolution (480px -> 320px)
[ WARN:1@68.605] global cap.cpp:477 cv::VideoCapture::open VIDEOIO(DSHOW): backend is generally available but can't be used to capture by index
[ WARN:1@68.609] global cap.cpp:477 cv::VideoCapture::open VIDEOIO(DSHOW): backend is generally available but can't be used to capture by index
[ WARN:1@68.613] global cap.cpp:477 cv::VideoCapture::open VIDEOIO(DSHOW): backend is generally available but can't be used to capture by index
[ WARN:1@68.617] global cap.cpp:477 cv::VideoCapture::open VIDEOIO(DSHOW): backend is generally available but can't be used to capture by index
[ WARN:1@68.621] global cap.cpp:477 cv::VideoCapture::open VIDEOIO(DSHOW): backend is generally available but can't be used to capture by index
[ERROR:1@68.696] global obsensor_uvc_stream_channel.cpp:163 cv::obsensor::getStreamChannelGroup Camera index out of range
[ERROR:1@68.767] global obsensor_uvc_stream_channel.cpp:163 cv::obsensor::getStreamChannelGroup Camera index out of range
[ERROR:1@68.847] global obsensor_uvc_stream_channel.cpp:163 cv::obsensor::getStreamChannelGroup Camera index out of range
[ERROR:1@68.915] global obsensor_uvc_stream_channel.cpp:163 cv::obsensor::getStreamChannelGroup Camera index out of range
[ERROR:1@68.979] global obsensor_uvc_stream_channel.cpp:163 cv::obsensor::getStreamChannelGroup Camera index out of range
2026-09-17 22:59:08,386 WARNING mongdee.core.vision: [discover:3] index=3 state=OPEN_FAILED (tried 10 backend/format combinations, none produced a frame)
[ WARN:1@69.397] global cap.cpp:477 cv::VideoCapture::open VIDEOIO(DSHOW): backend is generally available but can't be used to capture by index
[ WARN:1@69.401] global cap.cpp:477 cv::VideoCapture::open VIDEOIO(DSHOW): backend is generally available but can't be used to capture by index
[ WARN:1@69.407] global cap.cpp:477 cv::VideoCapture::open VIDEOIO(DSHOW): backend is generally available but can't be used to capture by index
[ WARN:1@69.411] global cap.cpp:477 cv::VideoCapture::open VIDEOIO(DSHOW): backend is generally available but can't be used to capture by index
[ WARN:1@69.416] global cap.cpp:477 cv::VideoCapture::open VIDEOIO(DSHOW): backend is generally available but can't be used to capture by index
[ERROR:1@69.486] global obsensor_uvc_stream_channel.cpp:163 cv::obsensor::getStreamChannelGroup Camera index out of range
[ERROR:1@69.555] global obsensor_uvc_stream_channel.cpp:163 cv::obsensor::getStreamChannelGroup Camera index out of range
[ERROR:1@69.618] global obsensor_uvc_stream_channel.cpp:163 cv::obsensor::getStreamChannelGroup Camera index out of range
[ERROR:1@69.681] global obsensor_uvc_stream_channel.cpp:163 cv::obsensor::getStreamChannelGroup Camera index out of range
[ERROR:1@69.743] global obsensor_uvc_stream_channel.cpp:163 cv::obsensor::getStreamChannelGroup Camera index out of range
2026-09-17 22:59:09,151 WARNING mongdee.core.vision: [discover:4] index=4 state=OPEN_FAILED (tried 10 backend/format combinations, none produced a frame)
[ WARN:1@70.091] global cap.cpp:477 cv::VideoCapture::open VIDEOIO(DSHOW): backend is generally available but can't be used to capture by index
[ WARN:1@70.096] global cap.cpp:477 cv::VideoCapture::open VIDEOIO(DSHOW): backend is generally available but can't be used to capture by index
[ WARN:1@70.101] global cap.cpp:477 cv::VideoCapture::open VIDEOIO(DSHOW): backend is generally available but can't be used to capture by index
[ WARN:1@70.106] global cap.cpp:477 cv::VideoCapture::open VIDEOIO(DSHOW): backend is generally available but can't be used to capture by index
[ WARN:1@70.110] global cap.cpp:477 cv::VideoCapture::open VIDEOIO(DSHOW): backend is generally available but can't be used to capture by index
[ERROR:1@70.175] global obsensor_uvc_stream_channel.cpp:163 cv::obsensor::getStreamChannelGroup Camera index out of range
[ERROR:1@70.458] global obsensor_uvc_stream_channel.cpp:163 cv::obsensor::getStreamChannelGroup Camera index out of range
[ERROR:1@70.526] global obsensor_uvc_stream_channel.cpp:163 cv::obsensor::getStreamChannelGroup Camera index out of range
[ERROR:1@70.595] global obsensor_uvc_stream_channel.cpp:163 cv::obsensor::getStreamChannelGroup Camera index out of range
[ERROR:1@70.667] global obsensor_uvc_stream_channel.cpp:163 cv::obsensor::getStreamChannelGroup Camera index out of range
2026-09-17 22:59:10,074 WARNING mongdee.core.vision: [discover:5] index=5 state=OPEN_FAILED (tried 10 backend/format combinations, none produced a frame)
[ WARN:1@71.032] global cap.cpp:477 cv::VideoCapture::open VIDEOIO(DSHOW): backend is generally available but can't be used to capture by index
[ WARN:1@71.036] global cap.cpp:477 cv::VideoCapture::open VIDEOIO(DSHOW): backend is generally available but can't be used to capture by index
[ WARN:1@71.041] global cap.cpp:477 cv::VideoCapture::open VIDEOIO(DSHOW): backend is generally available but can't be used to capture by index
[ WARN:1@71.046] global cap.cpp:477 cv::VideoCapture::open VIDEOIO(DSHOW): backend is generally available but can't be used to capture by index
[ WARN:1@71.050] global cap.cpp:477 cv::VideoCapture::open VIDEOIO(DSHOW): backend is generally available but can't be used to capture by index
[ERROR:1@71.117] global obsensor_uvc_stream_channel.cpp:163 cv::obsensor::getStreamChannelGroup Camera index out of range
[ERROR:1@71.183] global obsensor_uvc_stream_channel.cpp:163 cv::obsensor::getStreamChannelGroup Camera index out of range
[ERROR:1@71.246] global obsensor_uvc_stream_channel.cpp:163 cv::obsensor::getStreamChannelGroup Camera index out of range
[ERROR:1@71.295] global obsensor_uvc_stream_channel.cpp:163 cv::obsensor::getStreamChannelGroup Camera index out of range
[ERROR:1@71.328] global obsensor_uvc_stream_channel.cpp:163 cv::obsensor::getStreamChannelGroup Camera index out of range
2026-09-17 22:59:10,735 WARNING mongdee.core.vision: [discover:6] index=6 state=OPEN_FAILED (tried 10 backend/format combinations, none produced a frame)
[ WARN:1@71.479] global cap.cpp:477 cv::VideoCapture::open VIDEOIO(DSHOW): backend is generally available but can't be used to capture by index
[ WARN:1@71.484] global cap.cpp:477 cv::VideoCapture::open VIDEOIO(DSHOW): backend is generally available but can't be used to capture by index
[ WARN:1@71.489] global cap.cpp:477 cv::VideoCapture::open VIDEOIO(DSHOW): backend is generally available but can't be used to capture by index
[ WARN:1@71.494] global cap.cpp:477 cv::VideoCapture::open VIDEOIO(DSHOW): backend is generally available but can't be used to capture by index
[ WARN:1@71.499] global cap.cpp:477 cv::VideoCapture::open VIDEOIO(DSHOW): backend is generally available but can't be used to capture by index
[ERROR:1@71.572] global obsensor_uvc_stream_channel.cpp:163 cv::obsensor::getStreamChannelGroup Camera index out of range
[ERROR:1@71.644] global obsensor_uvc_stream_channel.cpp:163 cv::obsensor::getStreamChannelGroup Camera index out of range
[ERROR:1@71.707] global obsensor_uvc_stream_channel.cpp:163 cv::obsensor::getStreamChannelGroup Camera index out of range
[ERROR:1@71.785] global obsensor_uvc_stream_channel.cpp:163 cv::obsensor::getStreamChannelGroup Camera index out of range
[ERROR:1@71.859] global obsensor_uvc_stream_channel.cpp:163 cv::obsensor::getStreamChannelGroup Camera index out of range
2026-09-17 22:59:11,266 WARNING mongdee.core.vision: [discover:7] index=7 state=OPEN_FAILED (tried 10 backend/format combinations, none produced a frame)
[ WARN:1@72.263] global cap.cpp:477 cv::VideoCapture::open VIDEOIO(DSHOW): backend is generally available but can't be used to capture by index
[ WARN:1@72.267] global cap.cpp:477 cv::VideoCapture::open VIDEOIO(DSHOW): backend is generally available but can't be used to capture by index
[ WARN:1@72.272] global cap.cpp:477 cv::VideoCapture::open VIDEOIO(DSHOW): backend is generally available but can't be used to capture by index
[ WARN:1@72.276] global cap.cpp:477 cv::VideoCapture::open VIDEOIO(DSHOW): backend is generally available but can't be used to capture by index
[ WARN:1@72.280] global cap.cpp:477 cv::VideoCapture::open VIDEOIO(DSHOW): backend is generally available but can't be used to capture by index
[ERROR:1@72.377] global obsensor_uvc_stream_channel.cpp:163 cv::obsensor::getStreamChannelGroup Camera index out of range
[ERROR:1@72.468] global obsensor_uvc_stream_channel.cpp:163 cv::obsensor::getStreamChannelGroup Camera index out of range
[ERROR:1@72.555] global obsensor_uvc_stream_channel.cpp:163 cv::obsensor::getStreamChannelGroup Camera index out of range
[ERROR:1@72.638] global obsensor_uvc_stream_channel.cpp:163 cv::obsensor::getStreamChannelGroup Camera index out of range
[ERROR:1@72.850] global obsensor_uvc_stream_channel.cpp:163 cv::obsensor::getStreamChannelGroup Camera index out of range
2026-09-17 22:59:12,258 WARNING mongdee.core.vision: [discover:8] index=8 state=OPEN_FAILED (tried 10 backend/format combinations, none produced a frame)
[ WARN:1@73.029] global cap.cpp:477 cv::VideoCapture::open VIDEOIO(DSHOW): backend is generally available but can't be used to capture by index
[ WARN:1@73.031] global cap.cpp:477 cv::VideoCapture::open VIDEOIO(DSHOW): backend is generally available but can't be used to capture by index
[ WARN:1@73.033] global cap.cpp:477 cv::VideoCapture::open VIDEOIO(DSHOW): backend is generally available but can't be used to capture by index
[ WARN:1@73.035] global cap.cpp:477 cv::VideoCapture::open VIDEOIO(DSHOW): backend is generally available but can't be used to capture by index
[ WARN:1@73.037] global cap.cpp:477 cv::VideoCapture::open VIDEOIO(DSHOW): backend is generally available but can't be used to capture by index
[ERROR:1@73.069] global obsensor_uvc_stream_channel.cpp:163 cv::obsensor::getStreamChannelGroup Camera index out of range
[ERROR:1@73.104] global obsensor_uvc_stream_channel.cpp:163 cv::obsensor::getStreamChannelGroup Camera index out of range
[ERROR:1@73.137] global obsensor_uvc_stream_channel.cpp:163 cv::obsensor::getStreamChannelGroup Camera index out of range
[ERROR:1@73.167] global obsensor_uvc_stream_channel.cpp:163 cv::obsensor::getStreamChannelGroup Camera index out of range
[ERROR:1@73.228] global obsensor_uvc_stream_channel.cpp:163 cv::obsensor::getStreamChannelGroup Camera index out of range
2026-09-17 22:59:12,635 WARNING mongdee.core.vision: [discover:9] index=9 state=OPEN_FAILED (tried 10 backend/format combinations, none produced a frame)
[ WARN:1@73.304] global cap.cpp:477 cv::VideoCapture::open VIDEOIO(DSHOW): backend is generally available but can't be used to capture by index
[ WARN:1@73.306] global cap.cpp:477 cv::VideoCapture::open VIDEOIO(DSHOW): backend is generally available but can't be used to capture by index
[ WARN:1@73.307] global cap.cpp:477 cv::VideoCapture::open VIDEOIO(DSHOW): backend is generally available but can't be used to capture by index
[ WARN:1@73.308] global cap.cpp:477 cv::VideoCapture::open VIDEOIO(DSHOW): backend is generally available but can't be used to capture by index
[ WARN:1@73.310] global cap.cpp:477 cv::VideoCapture::open VIDEOIO(DSHOW): backend is generally available but can't be used to capture by index
[ERROR:1@73.497] global obsensor_uvc_stream_channel.cpp:163 cv::obsensor::getStreamChannelGroup Camera index out of range
[ERROR:1@73.558] global obsensor_uvc_stream_channel.cpp:163 cv::obsensor::getStreamChannelGroup Camera index out of range
[ERROR:1@73.744] global obsensor_uvc_stream_channel.cpp:163 cv::obsensor::getStreamChannelGroup Camera index out of range
[ERROR:1@73.814] global obsensor_uvc_stream_channel.cpp:163 cv::obsensor::getStreamChannelGroup Camera index out of range
[ERROR:1@73.904] global obsensor_uvc_stream_channel.cpp:163 cv::obsensor::getStreamChannelGroup Camera index out of range
2026-09-17 22:59:13,311 WARNING mongdee.core.vision: [discover:10] index=10 state=OPEN_FAILED (tried 10 backend/format combinations, none produced a frame)
[ WARN:1@74.269] global cap.cpp:477 cv::VideoCapture::open VIDEOIO(DSHOW): backend is generally available but can't be used to capture by index
[ WARN:1@74.273] global cap.cpp:477 cv::VideoCapture::open VIDEOIO(DSHOW): backend is generally available but can't be used to capture by index
[ WARN:1@74.276] global cap.cpp:477 cv::VideoCapture::open VIDEOIO(DSHOW): backend is generally available but can't be used to capture by index
[ WARN:1@74.279] global cap.cpp:477 cv::VideoCapture::open VIDEOIO(DSHOW): backend is generally available but can't be used to capture by index
[ WARN:1@74.282] global cap.cpp:477 cv::VideoCapture::open VIDEOIO(DSHOW): backend is generally available but can't be used to capture by index
[ERROR:1@74.349] global obsensor_uvc_stream_channel.cpp:163 cv::obsensor::getStreamChannelGroup Camera index out of range
[ERROR:1@74.429] global obsensor_uvc_stream_channel.cpp:163 cv::obsensor::getStreamChannelGroup Camera index out of range
[ERROR:1@74.525] global obsensor_uvc_stream_channel.cpp:163 cv::obsensor::getStreamChannelGroup Camera index out of range
[ERROR:1@74.605] global obsensor_uvc_stream_channel.cpp:163 cv::obsensor::getStreamChannelGroup Camera index out of range
[ERROR:1@74.670] global obsensor_uvc_stream_channel.cpp:163 cv::obsensor::getStreamChannelGroup Camera index out of range
2026-09-17 22:59:14,077 WARNING mongdee.core.vision: [discover:11] index=11 state=OPEN_FAILED (tried 10 backend/format combinations, none produced a frame)
[ WARN:1@75.024] global cap.cpp:477 cv::VideoCapture::open VIDEOIO(DSHOW): backend is generally available but can't be used to capture by index
[ WARN:1@75.026] global cap.cpp:477 cv::VideoCapture::open VIDEOIO(DSHOW): backend is generally available but can't be used to capture by index
[ WARN:1@75.028] global cap.cpp:477 cv::VideoCapture::open VIDEOIO(DSHOW): backend is generally available but can't be used to capture by index
[ WARN:1@75.030] global cap.cpp:477 cv::VideoCapture::open VIDEOIO(DSHOW): backend is generally available but can't be used to capture by index
[ WARN:1@75.032] global cap.cpp:477 cv::VideoCapture::open VIDEOIO(DSHOW): backend is generally available but can't be used to capture by index
[ERROR:1@75.062] global obsensor_uvc_stream_channel.cpp:163 cv::obsensor::getStreamChannelGroup Camera index out of range
[ERROR:1@75.093] global obsensor_uvc_stream_channel.cpp:163 cv::obsensor::getStreamChannelGroup Camera index out of range
[ERROR:1@75.122] global obsensor_uvc_stream_channel.cpp:163 cv::obsensor::getStreamChannelGroup Camera index out of range
[ERROR:1@75.150] global obsensor_uvc_stream_channel.cpp:163 cv::obsensor::getStreamChannelGroup Camera index out of range
[ERROR:1@75.186] global obsensor_uvc_stream_channel.cpp:163 cv::obsensor::getStreamChannelGroup Camera index out of range
2026-09-17 22:59:14,593 WARNING mongdee.core.vision: [discover:12] index=12 state=OPEN_FAILED (tried 10 backend/format combinations, none produced a frame)
[ WARN:1@75.277] global cap.cpp:477 cv::VideoCapture::open VIDEOIO(DSHOW): backend is generally available but can't be used to capture by index
[ WARN:1@75.279] global cap.cpp:477 cv::VideoCapture::open VIDEOIO(DSHOW): backend is generally available but can't be used to capture by index
[ WARN:1@75.280] global cap.cpp:477 cv::VideoCapture::open VIDEOIO(DSHOW): backend is generally available but can't be used to capture by index
[ WARN:1@75.282] global cap.cpp:477 cv::VideoCapture::open VIDEOIO(DSHOW): backend is generally available but can't be used to capture by index
[ WARN:1@75.283] global cap.cpp:477 cv::VideoCapture::open VIDEOIO(DSHOW): backend is generally available but can't be used to capture by index
[ERROR:1@75.474] global obsensor_uvc_stream_channel.cpp:163 cv::obsensor::getStreamChannelGroup Camera index out of range
[ERROR:1@75.549] global obsensor_uvc_stream_channel.cpp:163 cv::obsensor::getStreamChannelGroup Camera index out of range
[ERROR:1@75.624] global obsensor_uvc_stream_channel.cpp:163 cv::obsensor::getStreamChannelGroup Camera index out of range
[ERROR:1@75.694] global obsensor_uvc_stream_channel.cpp:163 cv::obsensor::getStreamChannelGroup Camera index out of range
[ERROR:1@75.780] global obsensor_uvc_stream_channel.cpp:163 cv::obsensor::getStreamChannelGroup Camera index out of range
2026-09-17 22:59:15,187 WARNING mongdee.core.vision: [discover:13] index=13 state=OPEN_FAILED (tried 10 backend/format combinations, none produced a frame)
[ WARN:1@76.170] global cap.cpp:477 cv::VideoCapture::open VIDEOIO(DSHOW): backend is generally available but can't be used to capture by index
[ WARN:1@76.175] global cap.cpp:477 cv::VideoCapture::open VIDEOIO(DSHOW): backend is generally available but can't be used to capture by index
[ WARN:1@76.178] global cap.cpp:477 cv::VideoCapture::open VIDEOIO(DSHOW): backend is generally available but can't be used to capture by index
[ WARN:1@76.182] global cap.cpp:477 cv::VideoCapture::open VIDEOIO(DSHOW): backend is generally available but can't be used to capture by index
[ WARN:1@76.187] global cap.cpp:477 cv::VideoCapture::open VIDEOIO(DSHOW): backend is generally available but can't be used to capture by index
[ERROR:1@76.264] global obsensor_uvc_stream_channel.cpp:163 cv::obsensor::getStreamChannelGroup Camera index out of range
[ERROR:1@76.396] global obsensor_uvc_stream_channel.cpp:163 cv::obsensor::getStreamChannelGroup Camera index out of range
[ERROR:1@76.475] global obsensor_uvc_stream_channel.cpp:163 cv::obsensor::getStreamChannelGroup Camera index out of range
[ERROR:1@76.543] global obsensor_uvc_stream_channel.cpp:163 cv::obsensor::getStreamChannelGroup Camera index out of range
[ERROR:1@76.612] global obsensor_uvc_stream_channel.cpp:163 cv::obsensor::getStreamChannelGroup Camera index out of range
2026-09-17 22:59:16,020 WARNING mongdee.core.vision: [discover:14] index=14 state=OPEN_FAILED (tried 10 backend/format combinations, none produced a frame)
[ WARN:1@76.940] global cap.cpp:477 cv::VideoCapture::open VIDEOIO(DSHOW): backend is generally available but can't be used to capture by index
[ WARN:1@76.944] global cap.cpp:477 cv::VideoCapture::open VIDEOIO(DSHOW): backend is generally available but can't be used to capture by index
[ WARN:1@76.947] global cap.cpp:477 cv::VideoCapture::open VIDEOIO(DSHOW): backend is generally available but can't be used to capture by index
[ WARN:1@76.951] global cap.cpp:477 cv::VideoCapture::open VIDEOIO(DSHOW): backend is generally available but can't be used to capture by index
[ WARN:1@76.955] global cap.cpp:477 cv::VideoCapture::open VIDEOIO(DSHOW): backend is generally available but can't be used to capture by index
[ERROR:1@77.016] global obsensor_uvc_stream_channel.cpp:163 cv::obsensor::getStreamChannelGroup Camera index out of range
[ERROR:1@77.078] global obsensor_uvc_stream_channel.cpp:163 cv::obsensor::getStreamChannelGroup Camera index out of range
[ERROR:1@77.136] global obsensor_uvc_stream_channel.cpp:163 cv::obsensor::getStreamChannelGroup Camera index out of range
[ERROR:1@77.212] global obsensor_uvc_stream_channel.cpp:163 cv::obsensor::getStreamChannelGroup Camera index out of range
[ERROR:1@77.280] global obsensor_uvc_stream_channel.cpp:163 cv::obsensor::getStreamChannelGroup Camera index out of range
2026-09-17 22:59:16,687 WARNING mongdee.core.vision: [discover:15] index=15 state=OPEN_FAILED (tried 10 backend/format combinations, none produced a frame)
2026-09-17 22:59:23,429 INFO mongdee.core.performance: [PERF] CAM-1: restoring AI input resolution (320px -> 480px)
2026-09-17 22:59:25,439 INFO mongdee.core.performance: [PERF] CAM-1: reducing AI input resolution (480px -> 320px)
2026-09-17 22:59:29,452 INFO mongdee.core.performance: [PERF] CAM-1: restoring AI input resolution (320px -> 480px)
2026-09-17 22:59:31,459 INFO mongdee.core.performance: [PERF] CAM-1: reducing AI input resolution (480px -> 320px)
[ WARN:1@97.628] global cap.cpp:477 cv::VideoCapture::open VIDEOIO(DSHOW): backend is generally available but can't be used to capture by index
[ WARN:1@97.631] global cap.cpp:477 cv::VideoCapture::open VIDEOIO(DSHOW): backend is generally available but can't be used to capture by index
[ WARN:1@97.633] global cap.cpp:477 cv::VideoCapture::open VIDEOIO(DSHOW): backend is generally available but can't be used to capture by index
[ WARN:1@97.637] global cap.cpp:477 cv::VideoCapture::open VIDEOIO(DSHOW): backend is generally available but can't be used to capture by index
[ WARN:1@97.642] global cap.cpp:477 cv::VideoCapture::open VIDEOIO(DSHOW): backend is generally available but can't be used to capture by index
[ERROR:1@97.696] global obsensor_uvc_stream_channel.cpp:163 cv::obsensor::getStreamChannelGroup Camera index out of range
[ERROR:1@97.749] global obsensor_uvc_stream_channel.cpp:163 cv::obsensor::getStreamChannelGroup Camera index out of range
[ERROR:1@97.807] global obsensor_uvc_stream_channel.cpp:163 cv::obsensor::getStreamChannelGroup Camera index out of range
[ERROR:1@97.885] global obsensor_uvc_stream_channel.cpp:163 cv::obsensor::getStreamChannelGroup Camera index out of range
[ERROR:1@97.966] global obsensor_uvc_stream_channel.cpp:163 cv::obsensor::getStreamChannelGroup Camera index out of range
2026-09-17 22:59:37,373 WARNING mongdee.core.vision: [discover:3] index=3 state=OPEN_FAILED (tried 10 backend/format combinations, none produced a frame)
[ WARN:1@98.313] global cap.cpp:477 cv::VideoCapture::open VIDEOIO(DSHOW): backend is generally available but can't be used to capture by index
[ WARN:1@98.318] global cap.cpp:477 cv::VideoCapture::open VIDEOIO(DSHOW): backend is generally available but can't be used to capture by index
[ WARN:1@98.323] global cap.cpp:477 cv::VideoCapture::open VIDEOIO(DSHOW): backend is generally available but can't be used to capture by index
[ WARN:1@98.330] global cap.cpp:477 cv::VideoCapture::open VIDEOIO(DSHOW): backend is generally available but can't be used to capture by index
[ WARN:1@98.336] global cap.cpp:477 cv::VideoCapture::open VIDEOIO(DSHOW): backend is generally available but can't be used to capture by index
[ERROR:1@98.427] global obsensor_uvc_stream_channel.cpp:163 cv::obsensor::getStreamChannelGroup Camera index out of range
[ERROR:1@98.519] global obsensor_uvc_stream_channel.cpp:163 cv::obsensor::getStreamChannelGroup Camera index out of range
[ERROR:1@98.604] global obsensor_uvc_stream_channel.cpp:163 cv::obsensor::getStreamChannelGroup Camera index out of range
[ERROR:1@98.688] global obsensor_uvc_stream_channel.cpp:163 cv::obsensor::getStreamChannelGroup Camera index out of range
[ERROR:1@98.764] global obsensor_uvc_stream_channel.cpp:163 cv::obsensor::getStreamChannelGroup Camera index out of range
2026-09-17 22:59:38,171 WARNING mongdee.core.vision: [discover:4] index=4 state=OPEN_FAILED (tried 10 backend/format combinations, none produced a frame)
[ WARN:1@99.141] global cap.cpp:477 cv::VideoCapture::open VIDEOIO(DSHOW): backend is generally available but can't be used to capture by index
[ WARN:1@99.146] global cap.cpp:477 cv::VideoCapture::open VIDEOIO(DSHOW): backend is generally available but can't be used to capture by index
[ WARN:1@99.151] global cap.cpp:477 cv::VideoCapture::open VIDEOIO(DSHOW): backend is generally available but can't be used to capture by index
[ WARN:1@99.155] global cap.cpp:477 cv::VideoCapture::open VIDEOIO(DSHOW): backend is generally available but can't be used to capture by index
[ WARN:1@99.160] global cap.cpp:477 cv::VideoCapture::open VIDEOIO(DSHOW): backend is generally available but can't be used to capture by index
[ERROR:1@99.223] global obsensor_uvc_stream_channel.cpp:163 cv::obsensor::getStreamChannelGroup Camera index out of range
[ERROR:1@99.279] global obsensor_uvc_stream_channel.cpp:163 cv::obsensor::getStreamChannelGroup Camera index out of range
[ERROR:1@99.345] global obsensor_uvc_stream_channel.cpp:163 cv::obsensor::getStreamChannelGroup Camera index out of range
[ERROR:1@99.402] global obsensor_uvc_stream_channel.cpp:163 cv::obsensor::getStreamChannelGroup Camera index out of range
[ERROR:1@99.466] global obsensor_uvc_stream_channel.cpp:163 cv::obsensor::getStreamChannelGroup Camera index out of range
2026-09-17 22:59:38,874 WARNING mongdee.core.vision: [discover:5] index=5 state=OPEN_FAILED (tried 10 backend/format combinations, none produced a frame)
[ WARN:1@99.752] global cap.cpp:477 cv::VideoCapture::open VIDEOIO(DSHOW): backend is generally available but can't be used to capture by index
[ WARN:1@99.757] global cap.cpp:477 cv::VideoCapture::open VIDEOIO(DSHOW): backend is generally available but can't be used to capture by index
[ WARN:1@99.760] global cap.cpp:477 cv::VideoCapture::open VIDEOIO(DSHOW): backend is generally available but can't be used to capture by index
[ WARN:1@99.764] global cap.cpp:477 cv::VideoCapture::open VIDEOIO(DSHOW): backend is generally available but can't be used to capture by index
[ WARN:1@99.768] global cap.cpp:477 cv::VideoCapture::open VIDEOIO(DSHOW): backend is generally available but can't be used to capture by index
[ERROR:1@99.833] global obsensor_uvc_stream_channel.cpp:163 cv::obsensor::getStreamChannelGroup Camera index out of range
[ERROR:1@99.898] global obsensor_uvc_stream_channel.cpp:163 cv::obsensor::getStreamChannelGroup Camera index out of range
[ERROR:1@99.961] global obsensor_uvc_stream_channel.cpp:163 cv::obsensor::getStreamChannelGroup Camera index out of range
[ERROR:1@100.025] global obsensor_uvc_stream_channel.cpp:163 cv::obsensor::getStreamChannelGroup Camera index out of range
[ERROR:1@100.086] global obsensor_uvc_stream_channel.cpp:163 cv::obsensor::getStreamChannelGroup Camera index out of range
2026-09-17 22:59:39,493 WARNING mongdee.core.vision: [discover:6] index=6 state=OPEN_FAILED (tried 10 backend/format combinations, none produced a frame)
[ WARN:1@100.374] global cap.cpp:477 cv::VideoCapture::open VIDEOIO(DSHOW): backend is generally available but can't be used to capture by index
[ WARN:1@100.377] global cap.cpp:477 cv::VideoCapture::open VIDEOIO(DSHOW): backend is generally available but can't be used to capture by index
[ WARN:1@100.384] global cap.cpp:477 cv::VideoCapture::open VIDEOIO(DSHOW): backend is generally available but can't be used to capture by index
[ WARN:1@100.387] global cap.cpp:477 cv::VideoCapture::open VIDEOIO(DSHOW): backend is generally available but can't be used to capture by index
[ WARN:1@100.391] global cap.cpp:477 cv::VideoCapture::open VIDEOIO(DSHOW): backend is generally available but can't be used to capture by index
[ERROR:1@100.504] global obsensor_uvc_stream_channel.cpp:163 cv::obsensor::getStreamChannelGroup Camera index out of range
[ERROR:1@100.606] global obsensor_uvc_stream_channel.cpp:163 cv::obsensor::getStreamChannelGroup Camera index out of range
[ERROR:1@100.682] global obsensor_uvc_stream_channel.cpp:163 cv::obsensor::getStreamChannelGroup Camera index out of range
[ERROR:1@100.759] global obsensor_uvc_stream_channel.cpp:163 cv::obsensor::getStreamChannelGroup Camera index out of range
[ERROR:1@100.832] global obsensor_uvc_stream_channel.cpp:163 cv::obsensor::getStreamChannelGroup Camera index out of range
2026-09-17 22:59:40,239 WARNING mongdee.core.vision: [discover:7] index=7 state=OPEN_FAILED (tried 10 backend/format combinations, none produced a frame)
[ WARN:1@101.065] global cap.cpp:477 cv::VideoCapture::open VIDEOIO(DSHOW): backend is generally available but can't be used to capture by index
[ WARN:1@101.067] global cap.cpp:477 cv::VideoCapture::open VIDEOIO(DSHOW): backend is generally available but can't be used to capture by index
[ WARN:1@101.069] global cap.cpp:477 cv::VideoCapture::open VIDEOIO(DSHOW): backend is generally available but can't be used to capture by index
[ WARN:1@101.072] global cap.cpp:477 cv::VideoCapture::open VIDEOIO(DSHOW): backend is generally available but can't be used to capture by index
[ WARN:1@101.074] global cap.cpp:477 cv::VideoCapture::open VIDEOIO(DSHOW): backend is generally available but can't be used to capture by index
[ERROR:1@101.116] global obsensor_uvc_stream_channel.cpp:163 cv::obsensor::getStreamChannelGroup Camera index out of range
[ERROR:1@101.157] global obsensor_uvc_stream_channel.cpp:163 cv::obsensor::getStreamChannelGroup Camera index out of range
[ERROR:1@101.197] global obsensor_uvc_stream_channel.cpp:163 cv::obsensor::getStreamChannelGroup Camera index out of range
[ERROR:1@101.237] global obsensor_uvc_stream_channel.cpp:163 cv::obsensor::getStreamChannelGroup Camera index out of range
[ERROR:1@101.274] global obsensor_uvc_stream_channel.cpp:163 cv::obsensor::getStreamChannelGroup Camera index out of range
2026-09-17 22:59:40,681 WARNING mongdee.core.vision: [discover:8] index=8 state=OPEN_FAILED (tried 10 backend/format combinations, none produced a frame)
[ WARN:1@101.629] global cap.cpp:477 cv::VideoCapture::open VIDEOIO(DSHOW): backend is generally available but can't be used to capture by index
[ WARN:1@101.634] global cap.cpp:477 cv::VideoCapture::open VIDEOIO(DSHOW): backend is generally available but can't be used to capture by index
[ WARN:1@101.638] global cap.cpp:477 cv::VideoCapture::open VIDEOIO(DSHOW): backend is generally available but can't be used to capture by index
[ WARN:1@101.643] global cap.cpp:477 cv::VideoCapture::open VIDEOIO(DSHOW): backend is generally available but can't be used to capture by index
[ WARN:1@101.648] global cap.cpp:477 cv::VideoCapture::open VIDEOIO(DSHOW): backend is generally available but can't be used to capture by index
[ERROR:1@101.716] global obsensor_uvc_stream_channel.cpp:163 cv::obsensor::getStreamChannelGroup Camera index out of range
[ERROR:1@101.777] global obsensor_uvc_stream_channel.cpp:163 cv::obsensor::getStreamChannelGroup Camera index out of range
[ERROR:1@101.847] global obsensor_uvc_stream_channel.cpp:163 cv::obsensor::getStreamChannelGroup Camera index out of range
[ERROR:1@101.887] global obsensor_uvc_stream_channel.cpp:163 cv::obsensor::getStreamChannelGroup Camera index out of range
[ERROR:1@102.063] global obsensor_uvc_stream_channel.cpp:163 cv::obsensor::getStreamChannelGroup Camera index out of range
2026-09-17 22:59:41,470 WARNING mongdee.core.vision: [discover:9] index=9 state=OPEN_FAILED (tried 10 backend/format combinations, none produced a frame)
[ WARN:1@102.440] global cap.cpp:477 cv::VideoCapture::open VIDEOIO(DSHOW): backend is generally available but can't be used to capture by index
[ WARN:1@102.445] global cap.cpp:477 cv::VideoCapture::open VIDEOIO(DSHOW): backend is generally available but can't be used to capture by index
[ WARN:1@102.449] global cap.cpp:477 cv::VideoCapture::open VIDEOIO(DSHOW): backend is generally available but can't be used to capture by index
[ WARN:1@102.454] global cap.cpp:477 cv::VideoCapture::open VIDEOIO(DSHOW): backend is generally available but can't be used to capture by index
[ WARN:1@102.458] global cap.cpp:477 cv::VideoCapture::open VIDEOIO(DSHOW): backend is generally available but can't be used to capture by index
[ERROR:1@102.531] global obsensor_uvc_stream_channel.cpp:163 cv::obsensor::getStreamChannelGroup Camera index out of range
[ERROR:1@102.604] global obsensor_uvc_stream_channel.cpp:163 cv::obsensor::getStreamChannelGroup Camera index out of range
[ERROR:1@102.668] global obsensor_uvc_stream_channel.cpp:163 cv::obsensor::getStreamChannelGroup Camera index out of range
[ERROR:1@102.714] global obsensor_uvc_stream_channel.cpp:163 cv::obsensor::getStreamChannelGroup Camera index out of range
[ERROR:1@102.755] global obsensor_uvc_stream_channel.cpp:163 cv::obsensor::getStreamChannelGroup Camera index out of range
2026-09-17 22:59:42,162 WARNING mongdee.core.vision: [discover:10] index=10 state=OPEN_FAILED (tried 10 backend/format combinations, none produced a frame)
[ WARN:1@103.074] global cap.cpp:477 cv::VideoCapture::open VIDEOIO(DSHOW): backend is generally available but can't be used to capture by index
[ WARN:1@103.079] global cap.cpp:477 cv::VideoCapture::open VIDEOIO(DSHOW): backend is generally available but can't be used to capture by index
[ WARN:1@103.083] global cap.cpp:477 cv::VideoCapture::open VIDEOIO(DSHOW): backend is generally available but can't be used to capture by index
[ WARN:1@103.088] global cap.cpp:477 cv::VideoCapture::open VIDEOIO(DSHOW): backend is generally available but can't be used to capture by index
[ WARN:1@103.093] global cap.cpp:477 cv::VideoCapture::open VIDEOIO(DSHOW): backend is generally available but can't be used to capture by index
[ERROR:1@103.165] global obsensor_uvc_stream_channel.cpp:163 cv::obsensor::getStreamChannelGroup Camera index out of range
[ERROR:1@103.226] global obsensor_uvc_stream_channel.cpp:163 cv::obsensor::getStreamChannelGroup Camera index out of range
[ERROR:1@103.287] global obsensor_uvc_stream_channel.cpp:163 cv::obsensor::getStreamChannelGroup Camera index out of range
[ERROR:1@103.366] global obsensor_uvc_stream_channel.cpp:163 cv::obsensor::getStreamChannelGroup Camera index out of range
[ERROR:1@103.437] global obsensor_uvc_stream_channel.cpp:163 cv::obsensor::getStreamChannelGroup Camera index out of range
2026-09-17 22:59:42,845 WARNING mongdee.core.vision: [discover:11] index=11 state=OPEN_FAILED (tried 10 backend/format combinations, none produced a frame)
[ WARN:1@103.895] global cap.cpp:477 cv::VideoCapture::open VIDEOIO(DSHOW): backend is generally available but can't be used to capture by index
[ WARN:1@103.899] global cap.cpp:477 cv::VideoCapture::open VIDEOIO(DSHOW): backend is generally available but can't be used to capture by index
[ WARN:1@103.904] global cap.cpp:477 cv::VideoCapture::open VIDEOIO(DSHOW): backend is generally available but can't be used to capture by index
[ WARN:1@103.908] global cap.cpp:477 cv::VideoCapture::open VIDEOIO(DSHOW): backend is generally available but can't be used to capture by index
[ WARN:1@103.913] global cap.cpp:477 cv::VideoCapture::open VIDEOIO(DSHOW): backend is generally available but can't be used to capture by index
[ERROR:1@103.982] global obsensor_uvc_stream_channel.cpp:163 cv::obsensor::getStreamChannelGroup Camera index out of range
[ERROR:1@104.052] global obsensor_uvc_stream_channel.cpp:163 cv::obsensor::getStreamChannelGroup Camera index out of range
[ERROR:1@104.149] global obsensor_uvc_stream_channel.cpp:163 cv::obsensor::getStreamChannelGroup Camera index out of range
[ERROR:1@104.239] global obsensor_uvc_stream_channel.cpp:163 cv::obsensor::getStreamChannelGroup Camera index out of range
[ERROR:1@104.320] global obsensor_uvc_stream_channel.cpp:163 cv::obsensor::getStreamChannelGroup Camera index out of range
2026-09-17 22:59:43,727 WARNING mongdee.core.vision: [discover:12] index=12 state=OPEN_FAILED (tried 10 backend/format combinations, none produced a frame)
[ WARN:1@104.697] global cap.cpp:477 cv::VideoCapture::open VIDEOIO(DSHOW): backend is generally available but can't be used to capture by index
[ WARN:1@104.701] global cap.cpp:477 cv::VideoCapture::open VIDEOIO(DSHOW): backend is generally available but can't be used to capture by index
[ WARN:1@104.705] global cap.cpp:477 cv::VideoCapture::open VIDEOIO(DSHOW): backend is generally available but can't be used to capture by index
[ WARN:1@104.710] global cap.cpp:477 cv::VideoCapture::open VIDEOIO(DSHOW): backend is generally available but can't be used to capture by index
[ WARN:1@104.714] global cap.cpp:477 cv::VideoCapture::open VIDEOIO(DSHOW): backend is generally available but can't be used to capture by index
[ERROR:1@104.789] global obsensor_uvc_stream_channel.cpp:163 cv::obsensor::getStreamChannelGroup Camera index out of range
[ERROR:1@104.859] global obsensor_uvc_stream_channel.cpp:163 cv::obsensor::getStreamChannelGroup Camera index out of range
[ERROR:1@104.938] global obsensor_uvc_stream_channel.cpp:163 cv::obsensor::getStreamChannelGroup Camera index out of range
[ERROR:1@105.027] global obsensor_uvc_stream_channel.cpp:163 cv::obsensor::getStreamChannelGroup Camera index out of range
[ERROR:1@105.102] global obsensor_uvc_stream_channel.cpp:163 cv::obsensor::getStreamChannelGroup Camera index out of range
2026-09-17 22:59:44,509 WARNING mongdee.core.vision: [discover:13] index=13 state=OPEN_FAILED (tried 10 backend/format combinations, none produced a frame)
[ WARN:1@105.323] global cap.cpp:477 cv::VideoCapture::open VIDEOIO(DSHOW): backend is generally available but can't be used to capture by index
[ WARN:1@105.326] global cap.cpp:477 cv::VideoCapture::open VIDEOIO(DSHOW): backend is generally available but can't be used to capture by index
[ WARN:1@105.328] global cap.cpp:477 cv::VideoCapture::open VIDEOIO(DSHOW): backend is generally available but can't be used to capture by index
[ WARN:1@105.330] global cap.cpp:477 cv::VideoCapture::open VIDEOIO(DSHOW): backend is generally available but can't be used to capture by index
[ WARN:1@105.334] global cap.cpp:477 cv::VideoCapture::open VIDEOIO(DSHOW): backend is generally available but can't be used to capture by index
[ERROR:1@105.382] global obsensor_uvc_stream_channel.cpp:163 cv::obsensor::getStreamChannelGroup Camera index out of range
[ERROR:1@105.429] global obsensor_uvc_stream_channel.cpp:163 cv::obsensor::getStreamChannelGroup Camera index out of range
[ERROR:1@105.481] global obsensor_uvc_stream_channel.cpp:163 cv::obsensor::getStreamChannelGroup Camera index out of range
[ERROR:1@105.530] global obsensor_uvc_stream_channel.cpp:163 cv::obsensor::getStreamChannelGroup Camera index out of range
[ERROR:1@105.574] global obsensor_uvc_stream_channel.cpp:163 cv::obsensor::getStreamChannelGroup Camera index out of range
2026-09-17 22:59:44,982 WARNING mongdee.core.vision: [discover:14] index=14 state=OPEN_FAILED (tried 10 backend/format combinations, none produced a frame)
[ WARN:1@105.693] global cap.cpp:477 cv::VideoCapture::open VIDEOIO(DSHOW): backend is generally available but can't be used to capture by index
[ WARN:1@105.696] global cap.cpp:477 cv::VideoCapture::open VIDEOIO(DSHOW): backend is generally available but can't be used to capture by index
[ WARN:1@105.699] global cap.cpp:477 cv::VideoCapture::open VIDEOIO(DSHOW): backend is generally available but can't be used to capture by index
[ WARN:1@105.702] global cap.cpp:477 cv::VideoCapture::open VIDEOIO(DSHOW): backend is generally available but can't be used to capture by index
[ WARN:1@105.708] global cap.cpp:477 cv::VideoCapture::open VIDEOIO(DSHOW): backend is generally available but can't be used to capture by index
[ERROR:1@105.774] global obsensor_uvc_stream_channel.cpp:163 cv::obsensor::getStreamChannelGroup Camera index out of range
[ERROR:1@105.843] global obsensor_uvc_stream_channel.cpp:163 cv::obsensor::getStreamChannelGroup Camera index out of range
[ERROR:1@105.888] global obsensor_uvc_stream_channel.cpp:163 cv::obsensor::getStreamChannelGroup Camera index out of range
[ERROR:1@105.929] global obsensor_uvc_stream_channel.cpp:163 cv::obsensor::getStreamChannelGroup Camera index out of range
[ERROR:1@105.974] global obsensor_uvc_stream_channel.cpp:163 cv::obsensor::getStreamChannelGroup Camera index out of range
2026-09-17 22:59:45,381 WARNING mongdee.core.vision: [discover:15] index=15 state=OPEN_FAILED (tried 10 backend/format combinations, none produced a frame)
[ WARN:1@146.683] global cap.cpp:477 cv::VideoCapture::open VIDEOIO(DSHOW): backend is generally available but can't be used to capture by index
[ WARN:1@146.687] global cap.cpp:477 cv::VideoCapture::open VIDEOIO(DSHOW): backend is generally available but can't be used to capture by index
[ WARN:1@146.691] global cap.cpp:477 cv::VideoCapture::open VIDEOIO(DSHOW): backend is generally available but can't be used to capture by index
[ WARN:1@146.696] global cap.cpp:477 cv::VideoCapture::open VIDEOIO(DSHOW): backend is generally available but can't be used to capture by index
[ WARN:1@146.700] global cap.cpp:477 cv::VideoCapture::open VIDEOIO(DSHOW): backend is generally available but can't be used to capture by index
[ERROR:1@146.783] global obsensor_uvc_stream_channel.cpp:163 cv::obsensor::getStreamChannelGroup Camera index out of range
[ERROR:1@146.865] global obsensor_uvc_stream_channel.cpp:163 cv::obsensor::getStreamChannelGroup Camera index out of range
[ERROR:1@146.942] global obsensor_uvc_stream_channel.cpp:163 cv::obsensor::getStreamChannelGroup Camera index out of range
[ERROR:1@147.005] global obsensor_uvc_stream_channel.cpp:163 cv::obsensor::getStreamChannelGroup Camera index out of range
[ERROR:1@147.060] global obsensor_uvc_stream_channel.cpp:163 cv::obsensor::getStreamChannelGroup Camera index out of range
2026-09-17 23:00:26,468 WARNING mongdee.core.vision: [discover:3] index=3 state=OPEN_FAILED (tried 10 backend/format combinations, none produced a frame)
[ WARN:1@147.296] global cap.cpp:477 cv::VideoCapture::open VIDEOIO(DSHOW): backend is generally available but can't be used to capture by index
[ WARN:1@147.300] global cap.cpp:477 cv::VideoCapture::open VIDEOIO(DSHOW): backend is generally available but can't be used to capture by index
[ WARN:1@147.303] global cap.cpp:477 cv::VideoCapture::open VIDEOIO(DSHOW): backend is generally available but can't be used to capture by index
[ WARN:1@147.307] global cap.cpp:477 cv::VideoCapture::open VIDEOIO(DSHOW): backend is generally available but can't be used to capture by index
[ WARN:1@147.311] global cap.cpp:477 cv::VideoCapture::open VIDEOIO(DSHOW): backend is generally available but can't be used to capture by index
[ERROR:1@147.373] global obsensor_uvc_stream_channel.cpp:163 cv::obsensor::getStreamChannelGroup Camera index out of range
[ERROR:1@147.436] global obsensor_uvc_stream_channel.cpp:163 cv::obsensor::getStreamChannelGroup Camera index out of range
[ERROR:1@147.490] global obsensor_uvc_stream_channel.cpp:163 cv::obsensor::getStreamChannelGroup Camera index out of range
[ERROR:1@147.543] global obsensor_uvc_stream_channel.cpp:163 cv::obsensor::getStreamChannelGroup Camera index out of range
[ERROR:1@147.612] global obsensor_uvc_stream_channel.cpp:163 cv::obsensor::getStreamChannelGroup Camera index out of range
2026-09-17 23:00:27,019 WARNING mongdee.core.vision: [discover:4] index=4 state=OPEN_FAILED (tried 10 backend/format combinations, none produced a frame)
[ WARN:1@147.980] global cap.cpp:477 cv::VideoCapture::open VIDEOIO(DSHOW): backend is generally available but can't be used to capture by index
[ WARN:1@147.986] global cap.cpp:477 cv::VideoCapture::open VIDEOIO(DSHOW): backend is generally available but can't be used to capture by index
[ WARN:1@147.990] global cap.cpp:477 cv::VideoCapture::open VIDEOIO(DSHOW): backend is generally available but can't be used to capture by index
[ WARN:1@147.995] global cap.cpp:477 cv::VideoCapture::open VIDEOIO(DSHOW): backend is generally available but can't be used to capture by index
[ WARN:1@148.000] global cap.cpp:477 cv::VideoCapture::open VIDEOIO(DSHOW): backend is generally available but can't be used to capture by index
[ERROR:1@148.106] global obsensor_uvc_stream_channel.cpp:163 cv::obsensor::getStreamChannelGroup Camera index out of range
[ERROR:1@148.196] global obsensor_uvc_stream_channel.cpp:163 cv::obsensor::getStreamChannelGroup Camera index out of range
[ERROR:1@148.276] global obsensor_uvc_stream_channel.cpp:163 cv::obsensor::getStreamChannelGroup Camera index out of range
[ERROR:1@148.356] global obsensor_uvc_stream_channel.cpp:163 cv::obsensor::getStreamChannelGroup Camera index out of range
[ERROR:1@148.433] global obsensor_uvc_stream_channel.cpp:163 cv::obsensor::getStreamChannelGroup Camera index out of range
2026-09-17 23:00:27,841 WARNING mongdee.core.vision: [discover:5] index=5 state=OPEN_FAILED (tried 10 backend/format combinations, none produced a frame)
[ WARN:1@148.771] global cap.cpp:477 cv::VideoCapture::open VIDEOIO(DSHOW): backend is generally available but can't be used to capture by index
[ WARN:1@148.774] global cap.cpp:477 cv::VideoCapture::open VIDEOIO(DSHOW): backend is generally available but can't be used to capture by index
[ WARN:1@148.777] global cap.cpp:477 cv::VideoCapture::open VIDEOIO(DSHOW): backend is generally available but can't be used to capture by index
[ WARN:1@148.779] global cap.cpp:477 cv::VideoCapture::open VIDEOIO(DSHOW): backend is generally available but can't be used to capture by index
[ WARN:1@148.782] global cap.cpp:477 cv::VideoCapture::open VIDEOIO(DSHOW): backend is generally available but can't be used to capture by index
[ERROR:1@148.838] global obsensor_uvc_stream_channel.cpp:163 cv::obsensor::getStreamChannelGroup Camera index out of range
[ERROR:1@149.413] global obsensor_uvc_stream_channel.cpp:163 cv::obsensor::getStreamChannelGroup Camera index out of range
[ERROR:1@149.501] global obsensor_uvc_stream_channel.cpp:163 cv::obsensor::getStreamChannelGroup Camera index out of range
[ERROR:1@149.578] global obsensor_uvc_stream_channel.cpp:163 cv::obsensor::getStreamChannelGroup Camera index out of range
[ERROR:1@149.657] global obsensor_uvc_stream_channel.cpp:163 cv::obsensor::getStreamChannelGroup Camera index out of range
2026-09-17 23:00:29,065 WARNING mongdee.core.vision: [discover:6] index=6 state=OPEN_FAILED (tried 10 backend/format combinations, none produced a frame)
[ WARN:1@150.060] global cap.cpp:477 cv::VideoCapture::open VIDEOIO(DSHOW): backend is generally available but can't be used to capture by index
[ WARN:1@150.063] global cap.cpp:477 cv::VideoCapture::open VIDEOIO(DSHOW): backend is generally available but can't be used to capture by index
[ WARN:1@150.065] global cap.cpp:477 cv::VideoCapture::open VIDEOIO(DSHOW): backend is generally available but can't be used to capture by index
[ WARN:1@150.068] global cap.cpp:477 cv::VideoCapture::open VIDEOIO(DSHOW): backend is generally available but can't be used to capture by index
[ WARN:1@150.071] global cap.cpp:477 cv::VideoCapture::open VIDEOIO(DSHOW): backend is generally available but can't be used to capture by index
[ERROR:1@150.112] global obsensor_uvc_stream_channel.cpp:163 cv::obsensor::getStreamChannelGroup Camera index out of range
[ERROR:1@150.154] global obsensor_uvc_stream_channel.cpp:163 cv::obsensor::getStreamChannelGroup Camera index out of range
[ERROR:1@150.206] global obsensor_uvc_stream_channel.cpp:163 cv::obsensor::getStreamChannelGroup Camera index out of range
2026-09-17 23:00:29,657 INFO mongdee.core.performance: [PERF] CAM-1: restoring AI input resolution (320px -> 480px)
[ERROR:1@150.256] global obsensor_uvc_stream_channel.cpp:163 cv::obsensor::getStreamChannelGroup Camera index out of range
[ERROR:1@150.306] global obsensor_uvc_stream_channel.cpp:163 cv::obsensor::getStreamChannelGroup Camera index out of range
2026-09-17 23:00:29,713 WARNING mongdee.core.vision: [discover:7] index=7 state=OPEN_FAILED (tried 10 backend/format combinations, none produced a frame)
[ WARN:1@150.459] global cap.cpp:477 cv::VideoCapture::open VIDEOIO(DSHOW): backend is generally available but can't be used to capture by index
[ WARN:1@150.461] global cap.cpp:477 cv::VideoCapture::open VIDEOIO(DSHOW): backend is generally available but can't be used to capture by index
[ WARN:1@150.463] global cap.cpp:477 cv::VideoCapture::open VIDEOIO(DSHOW): backend is generally available but can't be used to capture by index
[ WARN:1@150.465] global cap.cpp:477 cv::VideoCapture::open VIDEOIO(DSHOW): backend is generally available but can't be used to capture by index
[ WARN:1@150.467] global cap.cpp:477 cv::VideoCapture::open VIDEOIO(DSHOW): backend is generally available but can't be used to capture by index
[ERROR:1@150.501] global obsensor_uvc_stream_channel.cpp:163 cv::obsensor::getStreamChannelGroup Camera index out of range
[ERROR:1@150.534] global obsensor_uvc_stream_channel.cpp:163 cv::obsensor::getStreamChannelGroup Camera index out of range
[ERROR:1@150.568] global obsensor_uvc_stream_channel.cpp:163 cv::obsensor::getStreamChannelGroup Camera index out of range
[ERROR:1@150.607] global obsensor_uvc_stream_channel.cpp:163 cv::obsensor::getStreamChannelGroup Camera index out of range
[ERROR:1@150.916] global obsensor_uvc_stream_channel.cpp:163 cv::obsensor::getStreamChannelGroup Camera index out of range
2026-09-17 23:00:30,323 WARNING mongdee.core.vision: [discover:8] index=8 state=OPEN_FAILED (tried 10 backend/format combinations, none produced a frame)
[ WARN:1@151.280] global cap.cpp:477 cv::VideoCapture::open VIDEOIO(DSHOW): backend is generally available but can't be used to capture by index
[ WARN:1@151.285] global cap.cpp:477 cv::VideoCapture::open VIDEOIO(DSHOW): backend is generally available but can't be used to capture by index
[ WARN:1@151.290] global cap.cpp:477 cv::VideoCapture::open VIDEOIO(DSHOW): backend is generally available but can't be used to capture by index
[ WARN:1@151.294] global cap.cpp:477 cv::VideoCapture::open VIDEOIO(DSHOW): backend is generally available but can't be used to capture by index
[ WARN:1@151.298] global cap.cpp:477 cv::VideoCapture::open VIDEOIO(DSHOW): backend is generally available but can't be used to capture by index
[ERROR:1@151.371] global obsensor_uvc_stream_channel.cpp:163 cv::obsensor::getStreamChannelGroup Camera index out of range
[ERROR:1@152.045] global obsensor_uvc_stream_channel.cpp:163 cv::obsensor::getStreamChannelGroup Camera index out of range
[ERROR:1@152.123] global obsensor_uvc_stream_channel.cpp:163 cv::obsensor::getStreamChannelGroup Camera index out of range
[ERROR:1@152.251] global obsensor_uvc_stream_channel.cpp:163 cv::obsensor::getStreamChannelGroup Camera index out of range
2026-09-17 23:00:31,666 INFO mongdee.core.performance: [PERF] CAM-1: restoring AI input resolution (480px -> 640px)
[ERROR:1@152.332] global obsensor_uvc_stream_channel.cpp:163 cv::obsensor::getStreamChannelGroup Camera index out of range
2026-09-17 23:00:31,739 WARNING mongdee.core.vision: [discover:9] index=9 state=OPEN_FAILED (tried 10 backend/format combinations, none produced a frame)
[ WARN:1@152.671] global cap.cpp:477 cv::VideoCapture::open VIDEOIO(DSHOW): backend is generally available but can't be used to capture by index
[ WARN:1@152.676] global cap.cpp:477 cv::VideoCapture::open VIDEOIO(DSHOW): backend is generally available but can't be used to capture by index
[ WARN:1@152.681] global cap.cpp:477 cv::VideoCapture::open VIDEOIO(DSHOW): backend is generally available but can't be used to capture by index
[ WARN:1@152.686] global cap.cpp:477 cv::VideoCapture::open VIDEOIO(DSHOW): backend is generally available but can't be used to capture by index
[ WARN:1@152.690] global cap.cpp:477 cv::VideoCapture::open VIDEOIO(DSHOW): backend is generally available but can't be used to capture by index
[ERROR:1@152.769] global obsensor_uvc_stream_channel.cpp:163 cv::obsensor::getStreamChannelGroup Camera index out of range
[ERROR:1@152.850] global obsensor_uvc_stream_channel.cpp:163 cv::obsensor::getStreamChannelGroup Camera index out of range
[ERROR:1@152.929] global obsensor_uvc_stream_channel.cpp:163 cv::obsensor::getStreamChannelGroup Camera index out of range
[ERROR:1@152.999] global obsensor_uvc_stream_channel.cpp:163 cv::obsensor::getStreamChannelGroup Camera index out of range
[ERROR:1@153.071] global obsensor_uvc_stream_channel.cpp:163 cv::obsensor::getStreamChannelGroup Camera index out of range
2026-09-17 23:00:32,479 WARNING mongdee.core.vision: [discover:10] index=10 state=OPEN_FAILED (tried 10 backend/format combinations, none produced a frame)
[ WARN:1@153.412] global cap.cpp:477 cv::VideoCapture::open VIDEOIO(DSHOW): backend is generally available but can't be used to capture by index
[ WARN:1@153.416] global cap.cpp:477 cv::VideoCapture::open VIDEOIO(DSHOW): backend is generally available but can't be used to capture by index
[ WARN:1@153.420] global cap.cpp:477 cv::VideoCapture::open VIDEOIO(DSHOW): backend is generally available but can't be used to capture by index
[ WARN:1@153.425] global cap.cpp:477 cv::VideoCapture::open VIDEOIO(DSHOW): backend is generally available but can't be used to capture by index
[ WARN:1@153.430] global cap.cpp:477 cv::VideoCapture::open VIDEOIO(DSHOW): backend is generally available but can't be used to capture by index
[ERROR:1@153.492] global obsensor_uvc_stream_channel.cpp:163 cv::obsensor::getStreamChannelGroup Camera index out of range
[ERROR:1@153.565] global obsensor_uvc_stream_channel.cpp:163 cv::obsensor::getStreamChannelGroup Camera index out of range
[ERROR:1@153.637] global obsensor_uvc_stream_channel.cpp:163 cv::obsensor::getStreamChannelGroup Camera index out of range
[ERROR:1@153.711] global obsensor_uvc_stream_channel.cpp:163 cv::obsensor::getStreamChannelGroup Camera index out of range
[ERROR:1@153.776] global obsensor_uvc_stream_channel.cpp:163 cv::obsensor::getStreamChannelGroup Camera index out of range
2026-09-17 23:00:33,183 WARNING mongdee.core.vision: [discover:11] index=11 state=OPEN_FAILED (tried 10 backend/format combinations, none produced a frame)
[ WARN:1@154.077] global cap.cpp:477 cv::VideoCapture::open VIDEOIO(DSHOW): backend is generally available but can't be used to capture by index
[ WARN:1@154.080] global cap.cpp:477 cv::VideoCapture::open VIDEOIO(DSHOW): backend is generally available but can't be used to capture by index
[ WARN:1@154.085] global cap.cpp:477 cv::VideoCapture::open VIDEOIO(DSHOW): backend is generally available but can't be used to capture by index
[ WARN:1@154.090] global cap.cpp:477 cv::VideoCapture::open VIDEOIO(DSHOW): backend is generally available but can't be used to capture by index
[ WARN:1@154.093] global cap.cpp:477 cv::VideoCapture::open VIDEOIO(DSHOW): backend is generally available but can't be used to capture by index
[ERROR:1@154.159] global obsensor_uvc_stream_channel.cpp:163 cv::obsensor::getStreamChannelGroup Camera index out of range
[ERROR:1@154.225] global obsensor_uvc_stream_channel.cpp:163 cv::obsensor::getStreamChannelGroup Camera index out of range
2026-09-17 23:00:33,677 INFO mongdee.core.performance: [PERF] CAM-1: reducing AI input resolution (640px -> 480px)
[ERROR:1@154.302] global obsensor_uvc_stream_channel.cpp:163 cv::obsensor::getStreamChannelGroup Camera index out of range
[ERROR:1@154.386] global obsensor_uvc_stream_channel.cpp:163 cv::obsensor::getStreamChannelGroup Camera index out of range
[ERROR:1@154.468] global obsensor_uvc_stream_channel.cpp:163 cv::obsensor::getStreamChannelGroup Camera index out of range
2026-09-17 23:00:33,875 WARNING mongdee.core.vision: [discover:12] index=12 state=OPEN_FAILED (tried 10 backend/format combinations, none produced a frame)
[ WARN:1@154.834] global cap.cpp:477 cv::VideoCapture::open VIDEOIO(DSHOW): backend is generally available but can't be used to capture by index
[ WARN:1@154.839] global cap.cpp:477 cv::VideoCapture::open VIDEOIO(DSHOW): backend is generally available but can't be used to capture by index
[ WARN:1@154.843] global cap.cpp:477 cv::VideoCapture::open VIDEOIO(DSHOW): backend is generally available but can't be used to capture by index
[ WARN:1@154.848] global cap.cpp:477 cv::VideoCapture::open VIDEOIO(DSHOW): backend is generally available but can't be used to capture by index
[ WARN:1@154.852] global cap.cpp:477 cv::VideoCapture::open VIDEOIO(DSHOW): backend is generally available but can't be used to capture by index
[ERROR:1@154.920] global obsensor_uvc_stream_channel.cpp:163 cv::obsensor::getStreamChannelGroup Camera index out of range
[ERROR:1@154.989] global obsensor_uvc_stream_channel.cpp:163 cv::obsensor::getStreamChannelGroup Camera index out of range
[ERROR:1@155.050] global obsensor_uvc_stream_channel.cpp:163 cv::obsensor::getStreamChannelGroup Camera index out of range
[ERROR:1@155.105] global obsensor_uvc_stream_channel.cpp:163 cv::obsensor::getStreamChannelGroup Camera index out of range
[ERROR:1@155.165] global obsensor_uvc_stream_channel.cpp:163 cv::obsensor::getStreamChannelGroup Camera index out of range
2026-09-17 23:00:34,573 WARNING mongdee.core.vision: [discover:13] index=13 state=OPEN_FAILED (tried 10 backend/format combinations, none produced a frame)
[ WARN:1@155.319] global cap.cpp:477 cv::VideoCapture::open VIDEOIO(DSHOW): backend is generally available but can't be used to capture by index
[ WARN:1@155.322] global cap.cpp:477 cv::VideoCapture::open VIDEOIO(DSHOW): backend is generally available but can't be used to capture by index
[ WARN:1@155.325] global cap.cpp:477 cv::VideoCapture::open VIDEOIO(DSHOW): backend is generally available but can't be used to capture by index
[ WARN:1@155.328] global cap.cpp:477 cv::VideoCapture::open VIDEOIO(DSHOW): backend is generally available but can't be used to capture by index
[ WARN:1@155.331] global cap.cpp:477 cv::VideoCapture::open VIDEOIO(DSHOW): backend is generally available but can't be used to capture by index
[ERROR:1@155.375] global obsensor_uvc_stream_channel.cpp:163 cv::obsensor::getStreamChannelGroup Camera index out of range
[ERROR:1@155.419] global obsensor_uvc_stream_channel.cpp:163 cv::obsensor::getStreamChannelGroup Camera index out of range
[ERROR:1@155.463] global obsensor_uvc_stream_channel.cpp:163 cv::obsensor::getStreamChannelGroup Camera index out of range
[ERROR:1@156.005] global obsensor_uvc_stream_channel.cpp:163 cv::obsensor::getStreamChannelGroup Camera index out of range
[ERROR:1@156.072] global obsensor_uvc_stream_channel.cpp:163 cv::obsensor::getStreamChannelGroup Camera index out of range
2026-09-17 23:00:35,479 WARNING mongdee.core.vision: [discover:14] index=14 state=OPEN_FAILED (tried 10 backend/format combinations, none produced a frame)
2026-09-17 23:00:35,685 INFO mongdee.core.performance: [PERF] CAM-1: reducing AI input resolution (480px -> 320px)
[ WARN:1@156.370] global cap.cpp:477 cv::VideoCapture::open VIDEOIO(DSHOW): backend is generally available but can't be used to capture by index
[ WARN:1@156.373] global cap.cpp:477 cv::VideoCapture::open VIDEOIO(DSHOW): backend is generally available but can't be used to capture by index
[ WARN:1@156.378] global cap.cpp:477 cv::VideoCapture::open VIDEOIO(DSHOW): backend is generally available but can't be used to capture by index
[ WARN:1@156.382] global cap.cpp:477 cv::VideoCapture::open VIDEOIO(DSHOW): backend is generally available but can't be used to capture by index
[ WARN:1@156.387] global cap.cpp:477 cv::VideoCapture::open VIDEOIO(DSHOW): backend is generally available but can't be used to capture by index
[ERROR:1@156.471] global obsensor_uvc_stream_channel.cpp:163 cv::obsensor::getStreamChannelGroup Camera index out of range
[ERROR:1@156.544] global obsensor_uvc_stream_channel.cpp:163 cv::obsensor::getStreamChannelGroup Camera index out of range
[ERROR:1@156.607] global obsensor_uvc_stream_channel.cpp:163 cv::obsensor::getStreamChannelGroup Camera index out of range
[ERROR:1@156.678] global obsensor_uvc_stream_channel.cpp:163 cv::obsensor::getStreamChannelGroup Camera index out of range
[ERROR:1@156.749] global obsensor_uvc_stream_channel.cpp:163 cv::obsensor::getStreamChannelGroup Camera index out of range
2026-09-17 23:00:36,156 WARNING mongdee.core.vision: [discover:15] index=15 state=OPEN_FAILED (tried 10 backend/format combinations, none produced a frame)
2026-09-17 23:00:59,839 INFO mongdee.core.performance: [PERF] CAM-1: restoring AI input resolution (320px -> 480px)
2026-09-17 23:01:01,845 INFO mongdee.core.performance: [PERF] CAM-1: reducing AI input resolution (480px -> 320px)
2026-09-17 23:01:03,851 INFO mongdee.core.performance: [PERF] CAM-1: restoring AI input resolution (320px -> 480px)
2026-09-17 23:01:05,854 INFO mongdee.core.performance: [PERF] CAM-1: reducing AI input resolution (480px -> 320px)
2026-09-17 23:01:28,431 INFO mongdee.core.performance: [PERF] CAM-1: restoring AI input resolution (320px -> 480px)
2026-09-17 23:01:30,437 INFO mongdee.core.performance: [PERF] CAM-1: reducing AI input resolution (480px -> 320px)
[ WARN:1@217.395] global cap.cpp:477 cv::VideoCapture::open VIDEOIO(DSHOW): backend is generally available but can't be used to capture by index
[ WARN:1@217.401] global cap.cpp:477 cv::VideoCapture::open VIDEOIO(DSHOW): backend is generally available but can't be used to capture by index
[ WARN:1@217.406] global cap.cpp:477 cv::VideoCapture::open VIDEOIO(DSHOW): backend is generally available but can't be used to capture by index
[ WARN:1@217.410] global cap.cpp:477 cv::VideoCapture::open VIDEOIO(DSHOW): backend is generally available but can't be used to capture by index
[ WARN:1@217.414] global cap.cpp:477 cv::VideoCapture::open VIDEOIO(DSHOW): backend is generally available but can't be used to capture by index
[ERROR:1@217.474] global obsensor_uvc_stream_channel.cpp:163 cv::obsensor::getStreamChannelGroup Camera index out of range
[ERROR:1@217.525] global obsensor_uvc_stream_channel.cpp:163 cv::obsensor::getStreamChannelGroup Camera index out of range
[ERROR:1@217.578] global obsensor_uvc_stream_channel.cpp:163 cv::obsensor::getStreamChannelGroup Camera index out of range
[ERROR:1@217.626] global obsensor_uvc_stream_channel.cpp:163 cv::obsensor::getStreamChannelGroup Camera index out of range
[ERROR:1@217.672] global obsensor_uvc_stream_channel.cpp:163 cv::obsensor::getStreamChannelGroup Camera index out of range
2026-09-17 23:01:37,079 WARNING mongdee.core.vision: [discover:3] index=3 state=OPEN_FAILED (tried 10 backend/format combinations, none produced a frame)
[ WARN:1@218.167] global cap.cpp:477 cv::VideoCapture::open VIDEOIO(DSHOW): backend is generally available but can't be used to capture by index
[ WARN:1@218.172] global cap.cpp:477 cv::VideoCapture::open VIDEOIO(DSHOW): backend is generally available but can't be used to capture by index
[ WARN:1@218.178] global cap.cpp:477 cv::VideoCapture::open VIDEOIO(DSHOW): backend is generally available but can't be used to capture by index
[ WARN:1@218.183] global cap.cpp:477 cv::VideoCapture::open VIDEOIO(DSHOW): backend is generally available but can't be used to capture by index
[ WARN:1@218.187] global cap.cpp:477 cv::VideoCapture::open VIDEOIO(DSHOW): backend is generally available but can't be used to capture by index
[ERROR:1@218.258] global obsensor_uvc_stream_channel.cpp:163 cv::obsensor::getStreamChannelGroup Camera index out of range
[ERROR:1@218.321] global obsensor_uvc_stream_channel.cpp:163 cv::obsensor::getStreamChannelGroup Camera index out of range
[ERROR:1@218.393] global obsensor_uvc_stream_channel.cpp:163 cv::obsensor::getStreamChannelGroup Camera index out of range
[ERROR:1@218.468] global obsensor_uvc_stream_channel.cpp:163 cv::obsensor::getStreamChannelGroup Camera index out of range
[ERROR:1@218.552] global obsensor_uvc_stream_channel.cpp:163 cv::obsensor::getStreamChannelGroup Camera index out of range
2026-09-17 23:01:37,959 WARNING mongdee.core.vision: [discover:4] index=4 state=OPEN_FAILED (tried 10 backend/format combinations, none produced a frame)
[ WARN:1@218.878] global cap.cpp:477 cv::VideoCapture::open VIDEOIO(DSHOW): backend is generally available but can't be used to capture by index
[ WARN:1@218.883] global cap.cpp:477 cv::VideoCapture::open VIDEOIO(DSHOW): backend is generally available but can't be used to capture by index
[ WARN:1@218.888] global cap.cpp:477 cv::VideoCapture::open VIDEOIO(DSHOW): backend is generally available but can't be used to capture by index
[ WARN:1@218.893] global cap.cpp:477 cv::VideoCapture::open VIDEOIO(DSHOW): backend is generally available but can't be used to capture by index
[ WARN:1@218.897] global cap.cpp:477 cv::VideoCapture::open VIDEOIO(DSHOW): backend is generally available but can't be used to capture by index
[ERROR:1@218.998] global obsensor_uvc_stream_channel.cpp:163 cv::obsensor::getStreamChannelGroup Camera index out of range
[ERROR:1@219.070] global obsensor_uvc_stream_channel.cpp:163 cv::obsensor::getStreamChannelGroup Camera index out of range
[ERROR:1@219.145] global obsensor_uvc_stream_channel.cpp:163 cv::obsensor::getStreamChannelGroup Camera index out of range
[ERROR:1@219.213] global obsensor_uvc_stream_channel.cpp:163 cv::obsensor::getStreamChannelGroup Camera index out of range
[ERROR:1@219.282] global obsensor_uvc_stream_channel.cpp:163 cv::obsensor::getStreamChannelGroup Camera index out of range
2026-09-17 23:01:38,689 WARNING mongdee.core.vision: [discover:5] index=5 state=OPEN_FAILED (tried 10 backend/format combinations, none produced a frame)
[ WARN:1@219.589] global cap.cpp:477 cv::VideoCapture::open VIDEOIO(DSHOW): backend is generally available but can't be used to capture by index
[ WARN:1@219.593] global cap.cpp:477 cv::VideoCapture::open VIDEOIO(DSHOW): backend is generally available but can't be used to capture by index
[ WARN:1@219.597] global cap.cpp:477 cv::VideoCapture::open VIDEOIO(DSHOW): backend is generally available but can't be used to capture by index
[ WARN:1@219.601] global cap.cpp:477 cv::VideoCapture::open VIDEOIO(DSHOW): backend is generally available but can't be used to capture by index
[ WARN:1@219.605] global cap.cpp:477 cv::VideoCapture::open VIDEOIO(DSHOW): backend is generally available but can't be used to capture by index
[ERROR:1@219.675] global obsensor_uvc_stream_channel.cpp:163 cv::obsensor::getStreamChannelGroup Camera index out of range
[ERROR:1@219.754] global obsensor_uvc_stream_channel.cpp:163 cv::obsensor::getStreamChannelGroup Camera index out of range
[ERROR:1@219.825] global obsensor_uvc_stream_channel.cpp:163 cv::obsensor::getStreamChannelGroup Camera index out of range
[ERROR:1@219.898] global obsensor_uvc_stream_channel.cpp:163 cv::obsensor::getStreamChannelGroup Camera index out of range
[ERROR:1@220.031] global obsensor_uvc_stream_channel.cpp:163 cv::obsensor::getStreamChannelGroup Camera index out of range
2026-09-17 23:01:39,438 WARNING mongdee.core.vision: [discover:6] index=6 state=OPEN_FAILED (tried 10 backend/format combinations, none produced a frame)
[ WARN:1@220.394] global cap.cpp:477 cv::VideoCapture::open VIDEOIO(DSHOW): backend is generally available but can't be used to capture by index
[ WARN:1@220.397] global cap.cpp:477 cv::VideoCapture::open VIDEOIO(DSHOW): backend is generally available but can't be used to capture by index
[ WARN:1@220.402] global cap.cpp:477 cv::VideoCapture::open VIDEOIO(DSHOW): backend is generally available but can't be used to capture by index
[ WARN:1@220.406] global cap.cpp:477 cv::VideoCapture::open VIDEOIO(DSHOW): backend is generally available but can't be used to capture by index
[ WARN:1@220.409] global cap.cpp:477 cv::VideoCapture::open VIDEOIO(DSHOW): backend is generally available but can't be used to capture by index
[ERROR:1@220.480] global obsensor_uvc_stream_channel.cpp:163 cv::obsensor::getStreamChannelGroup Camera index out of range
[ERROR:1@220.546] global obsensor_uvc_stream_channel.cpp:163 cv::obsensor::getStreamChannelGroup Camera index out of range
[ERROR:1@220.798] global obsensor_uvc_stream_channel.cpp:163 cv::obsensor::getStreamChannelGroup Camera index out of range
[ERROR:1@221.477] global obsensor_uvc_stream_channel.cpp:163 cv::obsensor::getStreamChannelGroup Camera index out of range
[ERROR:1@221.545] global obsensor_uvc_stream_channel.cpp:163 cv::obsensor::getStreamChannelGroup Camera index out of range
2026-09-17 23:01:40,952 WARNING mongdee.core.vision: [discover:7] index=7 state=OPEN_FAILED (tried 10 backend/format combinations, none produced a frame)
[ WARN:1@221.900] global cap.cpp:477 cv::VideoCapture::open VIDEOIO(DSHOW): backend is generally available but can't be used to capture by index
[ WARN:1@221.905] global cap.cpp:477 cv::VideoCapture::open VIDEOIO(DSHOW): backend is generally available but can't be used to capture by index
[ WARN:1@221.910] global cap.cpp:477 cv::VideoCapture::open VIDEOIO(DSHOW): backend is generally available but can't be used to capture by index
[ WARN:1@221.915] global cap.cpp:477 cv::VideoCapture::open VIDEOIO(DSHOW): backend is generally available but can't be used to capture by index
[ WARN:1@221.919] global cap.cpp:477 cv::VideoCapture::open VIDEOIO(DSHOW): backend is generally available but can't be used to capture by index
[ERROR:1@221.986] global obsensor_uvc_stream_channel.cpp:163 cv::obsensor::getStreamChannelGroup Camera index out of range
[ERROR:1@222.051] global obsensor_uvc_stream_channel.cpp:163 cv::obsensor::getStreamChannelGroup Camera index out of range
[ERROR:1@222.099] global obsensor_uvc_stream_channel.cpp:163 cv::obsensor::getStreamChannelGroup Camera index out of range
[ERROR:1@222.139] global obsensor_uvc_stream_channel.cpp:163 cv::obsensor::getStreamChannelGroup Camera index out of range
[ERROR:1@222.189] global obsensor_uvc_stream_channel.cpp:163 cv::obsensor::getStreamChannelGroup Camera index out of range
2026-09-17 23:01:41,596 WARNING mongdee.core.vision: [discover:8] index=8 state=OPEN_FAILED (tried 10 backend/format combinations, none produced a frame)
[ WARN:1@222.326] global cap.cpp:477 cv::VideoCapture::open VIDEOIO(DSHOW): backend is generally available but can't be used to capture by index
[ WARN:1@222.328] global cap.cpp:477 cv::VideoCapture::open VIDEOIO(DSHOW): backend is generally available but can't be used to capture by index
[ WARN:1@222.330] global cap.cpp:477 cv::VideoCapture::open VIDEOIO(DSHOW): backend is generally available but can't be used to capture by index
[ WARN:1@222.333] global cap.cpp:477 cv::VideoCapture::open VIDEOIO(DSHOW): backend is generally available but can't be used to capture by index
[ WARN:1@222.335] global cap.cpp:477 cv::VideoCapture::open VIDEOIO(DSHOW): backend is generally available but can't be used to capture by index
[ERROR:1@222.374] global obsensor_uvc_stream_channel.cpp:163 cv::obsensor::getStreamChannelGroup Camera index out of range
[ERROR:1@222.411] global obsensor_uvc_stream_channel.cpp:163 cv::obsensor::getStreamChannelGroup Camera index out of range
[ERROR:1@222.446] global obsensor_uvc_stream_channel.cpp:163 cv::obsensor::getStreamChannelGroup Camera index out of range
[ERROR:1@222.483] global obsensor_uvc_stream_channel.cpp:163 cv::obsensor::getStreamChannelGroup Camera index out of range
[ERROR:1@222.990] global obsensor_uvc_stream_channel.cpp:163 cv::obsensor::getStreamChannelGroup Camera index out of range
2026-09-17 23:01:42,397 WARNING mongdee.core.vision: [discover:9] index=9 state=OPEN_FAILED (tried 10 backend/format combinations, none produced a frame)
2026-09-17 23:01:42,475 INFO mongdee.core.performance: [PERF] CAM-1: restoring AI input resolution (320px -> 480px)
[ WARN:1@223.362] global cap.cpp:477 cv::VideoCapture::open VIDEOIO(DSHOW): backend is generally available but can't be used to capture by index
[ WARN:1@223.367] global cap.cpp:477 cv::VideoCapture::open VIDEOIO(DSHOW): backend is generally available but can't be used to capture by index
[ WARN:1@223.372] global cap.cpp:477 cv::VideoCapture::open VIDEOIO(DSHOW): backend is generally available but can't be used to capture by index
[ WARN:1@223.377] global cap.cpp:477 cv::VideoCapture::open VIDEOIO(DSHOW): backend is generally available but can't be used to capture by index
[ WARN:1@223.382] global cap.cpp:477 cv::VideoCapture::open VIDEOIO(DSHOW): backend is generally available but can't be used to capture by index
[ERROR:1@223.441] global obsensor_uvc_stream_channel.cpp:163 cv::obsensor::getStreamChannelGroup Camera index out of range
[ERROR:1@223.506] global obsensor_uvc_stream_channel.cpp:163 cv::obsensor::getStreamChannelGroup Camera index out of range
[ERROR:1@223.607] global obsensor_uvc_stream_channel.cpp:163 cv::obsensor::getStreamChannelGroup Camera index out of range
[ERROR:1@223.683] global obsensor_uvc_stream_channel.cpp:163 cv::obsensor::getStreamChannelGroup Camera index out of range
[ERROR:1@223.757] global obsensor_uvc_stream_channel.cpp:163 cv::obsensor::getStreamChannelGroup Camera index out of range
2026-09-17 23:01:43,164 WARNING mongdee.core.vision: [discover:10] index=10 state=OPEN_FAILED (tried 10 backend/format combinations, none produced a frame)
[ WARN:1@224.118] global cap.cpp:477 cv::VideoCapture::open VIDEOIO(DSHOW): backend is generally available but can't be used to capture by index
[ WARN:1@224.123] global cap.cpp:477 cv::VideoCapture::open VIDEOIO(DSHOW): backend is generally available but can't be used to capture by index
[ WARN:1@224.128] global cap.cpp:477 cv::VideoCapture::open VIDEOIO(DSHOW): backend is generally available but can't be used to capture by index
[ WARN:1@224.132] global cap.cpp:477 cv::VideoCapture::open VIDEOIO(DSHOW): backend is generally available but can't be used to capture by index
[ WARN:1@224.137] global cap.cpp:477 cv::VideoCapture::open VIDEOIO(DSHOW): backend is generally available but can't be used to capture by index
[ERROR:1@224.213] global obsensor_uvc_stream_channel.cpp:163 cv::obsensor::getStreamChannelGroup Camera index out of range
[ERROR:1@224.279] global obsensor_uvc_stream_channel.cpp:163 cv::obsensor::getStreamChannelGroup Camera index out of range
[ERROR:1@224.342] global obsensor_uvc_stream_channel.cpp:163 cv::obsensor::getStreamChannelGroup Camera index out of range
[ERROR:1@224.399] global obsensor_uvc_stream_channel.cpp:163 cv::obsensor::getStreamChannelGroup Camera index out of range
[ERROR:1@224.455] global obsensor_uvc_stream_channel.cpp:163 cv::obsensor::getStreamChannelGroup Camera index out of range
2026-09-17 23:01:43,958 WARNING mongdee.core.vision: [discover:11] index=11 state=OPEN_FAILED (tried 10 backend/format combinations, none produced a frame)
[ WARN:1@224.856] global cap.cpp:477 cv::VideoCapture::open VIDEOIO(DSHOW): backend is generally available but can't be used to capture by index
[ WARN:1@224.860] global cap.cpp:477 cv::VideoCapture::open VIDEOIO(DSHOW): backend is generally available but can't be used to capture by index
[ WARN:1@224.865] global cap.cpp:477 cv::VideoCapture::open VIDEOIO(DSHOW): backend is generally available but can't be used to capture by index
[ WARN:1@224.870] global cap.cpp:477 cv::VideoCapture::open VIDEOIO(DSHOW): backend is generally available but can't be used to capture by index
[ WARN:1@224.875] global cap.cpp:477 cv::VideoCapture::open VIDEOIO(DSHOW): backend is generally available but can't be used to capture by index
[ERROR:1@224.950] global obsensor_uvc_stream_channel.cpp:163 cv::obsensor::getStreamChannelGroup Camera index out of range
2026-09-17 23:01:44,486 INFO mongdee.core.performance: [PERF] CAM-1: reducing AI input resolution (480px -> 320px)
[ERROR:1@225.159] global obsensor_uvc_stream_channel.cpp:163 cv::obsensor::getStreamChannelGroup Camera index out of range
[ERROR:1@225.231] global obsensor_uvc_stream_channel.cpp:163 cv::obsensor::getStreamChannelGroup Camera index out of range
[ERROR:1@226.330] global obsensor_uvc_stream_channel.cpp:163 cv::obsensor::getStreamChannelGroup Camera index out of range
[ERROR:1@226.410] global obsensor_uvc_stream_channel.cpp:163 cv::obsensor::getStreamChannelGroup Camera index out of range
2026-09-17 23:01:45,818 WARNING mongdee.core.vision: [discover:12] index=12 state=OPEN_FAILED (tried 10 backend/format combinations, none produced a frame)
[ WARN:1@226.714] global cap.cpp:477 cv::VideoCapture::open VIDEOIO(DSHOW): backend is generally available but can't be used to capture by index
[ WARN:1@226.719] global cap.cpp:477 cv::VideoCapture::open VIDEOIO(DSHOW): backend is generally available but can't be used to capture by index
[ WARN:1@226.723] global cap.cpp:477 cv::VideoCapture::open VIDEOIO(DSHOW): backend is generally available but can't be used to capture by index
[ WARN:1@226.727] global cap.cpp:477 cv::VideoCapture::open VIDEOIO(DSHOW): backend is generally available but can't be used to capture by index
[ WARN:1@226.730] global cap.cpp:477 cv::VideoCapture::open VIDEOIO(DSHOW): backend is generally available but can't be used to capture by index
[ERROR:1@226.792] global obsensor_uvc_stream_channel.cpp:163 cv::obsensor::getStreamChannelGroup Camera index out of range
[ERROR:1@226.861] global obsensor_uvc_stream_channel.cpp:163 cv::obsensor::getStreamChannelGroup Camera index out of range
2026-09-17 23:01:46,493 INFO mongdee.core.performance: [PERF] CAM-1: restoring AI input resolution (320px -> 480px)
[ERROR:1@227.324] global obsensor_uvc_stream_channel.cpp:163 cv::obsensor::getStreamChannelGroup Camera index out of range
[ERROR:1@227.407] global obsensor_uvc_stream_channel.cpp:163 cv::obsensor::getStreamChannelGroup Camera index out of range
[ERROR:1@227.484] global obsensor_uvc_stream_channel.cpp:163 cv::obsensor::getStreamChannelGroup Camera index out of range
2026-09-17 23:01:46,891 WARNING mongdee.core.vision: [discover:13] index=13 state=OPEN_FAILED (tried 10 backend/format combinations, none produced a frame)
[ WARN:1@227.787] global cap.cpp:477 cv::VideoCapture::open VIDEOIO(DSHOW): backend is generally available but can't be used to capture by index
[ WARN:1@227.791] global cap.cpp:477 cv::VideoCapture::open VIDEOIO(DSHOW): backend is generally available but can't be used to capture by index
[ WARN:1@227.794] global cap.cpp:477 cv::VideoCapture::open VIDEOIO(DSHOW): backend is generally available but can't be used to capture by index
[ WARN:1@227.798] global cap.cpp:477 cv::VideoCapture::open VIDEOIO(DSHOW): backend is generally available but can't be used to capture by index
[ WARN:1@227.803] global cap.cpp:477 cv::VideoCapture::open VIDEOIO(DSHOW): backend is generally available but can't be used to capture by index
[ERROR:1@227.874] global obsensor_uvc_stream_channel.cpp:163 cv::obsensor::getStreamChannelGroup Camera index out of range
[ERROR:1@227.944] global obsensor_uvc_stream_channel.cpp:163 cv::obsensor::getStreamChannelGroup Camera index out of range
[ERROR:1@228.014] global obsensor_uvc_stream_channel.cpp:163 cv::obsensor::getStreamChannelGroup Camera index out of range
[ERROR:1@228.090] global obsensor_uvc_stream_channel.cpp:163 cv::obsensor::getStreamChannelGroup Camera index out of range
[ERROR:1@228.166] global obsensor_uvc_stream_channel.cpp:163 cv::obsensor::getStreamChannelGroup Camera index out of range
2026-09-17 23:01:47,573 WARNING mongdee.core.vision: [discover:14] index=14 state=OPEN_FAILED (tried 10 backend/format combinations, none produced a frame)
[ WARN:1@228.522] global cap.cpp:477 cv::VideoCapture::open VIDEOIO(DSHOW): backend is generally available but can't be used to capture by index
[ WARN:1@228.526] global cap.cpp:477 cv::VideoCapture::open VIDEOIO(DSHOW): backend is generally available but can't be used to capture by index
[ WARN:1@228.531] global cap.cpp:477 cv::VideoCapture::open VIDEOIO(DSHOW): backend is generally available but can't be used to capture by index
[ WARN:1@228.536] global cap.cpp:477 cv::VideoCapture::open VIDEOIO(DSHOW): backend is generally available but can't be used to capture by index
[ WARN:1@228.540] global cap.cpp:477 cv::VideoCapture::open VIDEOIO(DSHOW): backend is generally available but can't be used to capture by index
[ERROR:1@228.616] global obsensor_uvc_stream_channel.cpp:163 cv::obsensor::getStreamChannelGroup Camera index out of range
[ERROR:1@228.690] global obsensor_uvc_stream_channel.cpp:163 cv::obsensor::getStreamChannelGroup Camera index out of range
[ERROR:1@228.805] global obsensor_uvc_stream_channel.cpp:163 cv::obsensor::getStreamChannelGroup Camera index out of range
[ERROR:1@228.871] global obsensor_uvc_stream_channel.cpp:163 cv::obsensor::getStreamChannelGroup Camera index out of range
[ERROR:1@228.938] global obsensor_uvc_stream_channel.cpp:163 cv::obsensor::getStreamChannelGroup Camera index out of range
2026-09-17 23:01:48,345 WARNING mongdee.core.vision: [discover:15] index=15 state=OPEN_FAILED (tried 10 backend/format combinations, none produced a frame)
2026-09-17 23:01:48,500 INFO mongdee.core.performance: [PERF] CAM-1: reducing AI input resolution (480px -> 320px)
2026-09-17 23:01:52,514 INFO mongdee.core.performance: [PERF] CAM-1: restoring AI input resolution (320px -> 480px)
2026-09-17 23:01:54,540 INFO mongdee.core.performance: [PERF] CAM-1: reducing AI input resolution (480px -> 320px)
2026-09-17 23:02:36,687 INFO mongdee.core.performance: [PERF] CAM-1: restoring AI input resolution (320px -> 480px)
2026-09-17 23:02:38,693 INFO mongdee.core.performance: [PERF] CAM-1: reducing AI input resolution (480px -> 320px)
2026-09-17 23:02:40,701 INFO mongdee.core.performance: [PERF] CAM-1: restoring AI input resolution (320px -> 480px)
2026-09-17 23:02:42,709 INFO mongdee.core.performance: [PERF] CAM-1: reducing AI input resolution (480px -> 320px)
[ WARN:1@289.601] global cap.cpp:477 cv::VideoCapture::open VIDEOIO(DSHOW): backend is generally available but can't be used to capture by index
[ WARN:1@289.605] global cap.cpp:477 cv::VideoCapture::open VIDEOIO(DSHOW): backend is generally available but can't be used to capture by index
[ WARN:1@289.609] global cap.cpp:477 cv::VideoCapture::open VIDEOIO(DSHOW): backend is generally available but can't be used to capture by index
[ WARN:1@289.613] global cap.cpp:477 cv::VideoCapture::open VIDEOIO(DSHOW): backend is generally available but can't be used to capture by index
[ WARN:1@289.618] global cap.cpp:477 cv::VideoCapture::open VIDEOIO(DSHOW): backend is generally available but can't be used to capture by index
[ERROR:1@289.684] global obsensor_uvc_stream_channel.cpp:163 cv::obsensor::getStreamChannelGroup Camera index out of range
[ERROR:1@289.746] global obsensor_uvc_stream_channel.cpp:163 cv::obsensor::getStreamChannelGroup Camera index out of range
[ERROR:1@289.814] global obsensor_uvc_stream_channel.cpp:163 cv::obsensor::getStreamChannelGroup Camera index out of range
[ERROR:1@289.880] global obsensor_uvc_stream_channel.cpp:163 cv::obsensor::getStreamChannelGroup Camera index out of range
[ERROR:1@289.943] global obsensor_uvc_stream_channel.cpp:163 cv::obsensor::getStreamChannelGroup Camera index out of range
2026-09-17 23:02:49,350 WARNING mongdee.core.vision: [discover:3] index=3 state=OPEN_FAILED (tried 10 backend/format combinations, none produced a frame)
[ WARN:1@290.230] global cap.cpp:477 cv::VideoCapture::open VIDEOIO(DSHOW): backend is generally available but can't be used to capture by index
[ WARN:1@290.235] global cap.cpp:477 cv::VideoCapture::open VIDEOIO(DSHOW): backend is generally available but can't be used to capture by index
[ WARN:1@290.239] global cap.cpp:477 cv::VideoCapture::open VIDEOIO(DSHOW): backend is generally available but can't be used to capture by index
[ WARN:1@290.243] global cap.cpp:477 cv::VideoCapture::open VIDEOIO(DSHOW): backend is generally available but can't be used to capture by index
[ WARN:1@290.247] global cap.cpp:477 cv::VideoCapture::open VIDEOIO(DSHOW): backend is generally available but can't be used to capture by index
[ERROR:1@290.309] global obsensor_uvc_stream_channel.cpp:163 cv::obsensor::getStreamChannelGroup Camera index out of range
[ERROR:1@290.379] global obsensor_uvc_stream_channel.cpp:163 cv::obsensor::getStreamChannelGroup Camera index out of range
[ERROR:1@290.451] global obsensor_uvc_stream_channel.cpp:163 cv::obsensor::getStreamChannelGroup Camera index out of range
[ERROR:1@290.528] global obsensor_uvc_stream_channel.cpp:163 cv::obsensor::getStreamChannelGroup Camera index out of range
[ERROR:1@290.596] global obsensor_uvc_stream_channel.cpp:163 cv::obsensor::getStreamChannelGroup Camera index out of range
2026-09-17 23:02:50,004 WARNING mongdee.core.vision: [discover:4] index=4 state=OPEN_FAILED (tried 10 backend/format combinations, none produced a frame)
[ WARN:1@290.949] global cap.cpp:477 cv::VideoCapture::open VIDEOIO(DSHOW): backend is generally available but can't be used to capture by index
[ WARN:1@290.953] global cap.cpp:477 cv::VideoCapture::open VIDEOIO(DSHOW): backend is generally available but can't be used to capture by index
[ WARN:1@290.955] global cap.cpp:477 cv::VideoCapture::open VIDEOIO(DSHOW): backend is generally available but can't be used to capture by index
[ WARN:1@290.958] global cap.cpp:477 cv::VideoCapture::open VIDEOIO(DSHOW): backend is generally available but can't be used to capture by index
[ WARN:1@290.960] global cap.cpp:477 cv::VideoCapture::open VIDEOIO(DSHOW): backend is generally available but can't be used to capture by index
[ERROR:1@290.999] global obsensor_uvc_stream_channel.cpp:163 cv::obsensor::getStreamChannelGroup Camera index out of range
[ERROR:1@291.038] global obsensor_uvc_stream_channel.cpp:163 cv::obsensor::getStreamChannelGroup Camera index out of range
[ERROR:1@291.075] global obsensor_uvc_stream_channel.cpp:163 cv::obsensor::getStreamChannelGroup Camera index out of range
[ERROR:1@291.113] global obsensor_uvc_stream_channel.cpp:163 cv::obsensor::getStreamChannelGroup Camera index out of range
[ERROR:1@291.153] global obsensor_uvc_stream_channel.cpp:163 cv::obsensor::getStreamChannelGroup Camera index out of range
2026-09-17 23:02:50,560 WARNING mongdee.core.vision: [discover:5] index=5 state=OPEN_FAILED (tried 10 backend/format combinations, none produced a frame)
[ WARN:1@291.289] global cap.cpp:477 cv::VideoCapture::open VIDEOIO(DSHOW): backend is generally available but can't be used to capture by index
[ WARN:1@291.292] global cap.cpp:477 cv::VideoCapture::open VIDEOIO(DSHOW): backend is generally available but can't be used to capture by index
[ WARN:1@291.294] global cap.cpp:477 cv::VideoCapture::open VIDEOIO(DSHOW): backend is generally available but can't be used to capture by index
[ WARN:1@291.296] global cap.cpp:477 cv::VideoCapture::open VIDEOIO(DSHOW): backend is generally available but can't be used to capture by index
[ WARN:1@291.298] global cap.cpp:477 cv::VideoCapture::open VIDEOIO(DSHOW): backend is generally available but can't be used to capture by index
[ERROR:1@291.347] global obsensor_uvc_stream_channel.cpp:163 cv::obsensor::getStreamChannelGroup Camera index out of range
[ERROR:1@291.395] global obsensor_uvc_stream_channel.cpp:163 cv::obsensor::getStreamChannelGroup Camera index out of range
[ERROR:1@291.445] global obsensor_uvc_stream_channel.cpp:163 cv::obsensor::getStreamChannelGroup Camera index out of range
[ERROR:1@291.516] global obsensor_uvc_stream_channel.cpp:163 cv::obsensor::getStreamChannelGroup Camera index out of range
[ERROR:1@291.581] global obsensor_uvc_stream_channel.cpp:163 cv::obsensor::getStreamChannelGroup Camera index out of range
2026-09-17 23:02:50,989 WARNING mongdee.core.vision: [discover:6] index=6 state=OPEN_FAILED (tried 10 backend/format combinations, none produced a frame)
[ WARN:1@291.954] global cap.cpp:477 cv::VideoCapture::open VIDEOIO(DSHOW): backend is generally available but can't be used to capture by index
[ WARN:1@291.958] global cap.cpp:477 cv::VideoCapture::open VIDEOIO(DSHOW): backend is generally available but can't be used to capture by index
[ WARN:1@291.962] global cap.cpp:477 cv::VideoCapture::open VIDEOIO(DSHOW): backend is generally available but can't be used to capture by index
[ WARN:1@291.965] global cap.cpp:477 cv::VideoCapture::open VIDEOIO(DSHOW): backend is generally available but can't be used to capture by index
[ WARN:1@291.967] global cap.cpp:477 cv::VideoCapture::open VIDEOIO(DSHOW): backend is generally available but can't be used to capture by index
[ERROR:1@292.028] global obsensor_uvc_stream_channel.cpp:163 cv::obsensor::getStreamChannelGroup Camera index out of range
[ERROR:1@292.099] global obsensor_uvc_stream_channel.cpp:163 cv::obsensor::getStreamChannelGroup Camera index out of range
[ERROR:1@292.172] global obsensor_uvc_stream_channel.cpp:163 cv::obsensor::getStreamChannelGroup Camera index out of range
[ERROR:1@292.237] global obsensor_uvc_stream_channel.cpp:163 cv::obsensor::getStreamChannelGroup Camera index out of range
[ERROR:1@292.296] global obsensor_uvc_stream_channel.cpp:163 cv::obsensor::getStreamChannelGroup Camera index out of range
2026-09-17 23:02:51,703 WARNING mongdee.core.vision: [discover:7] index=7 state=OPEN_FAILED (tried 10 backend/format combinations, none produced a frame)
[ WARN:1@292.608] global cap.cpp:477 cv::VideoCapture::open VIDEOIO(DSHOW): backend is generally available but can't be used to capture by index
[ WARN:1@292.611] global cap.cpp:477 cv::VideoCapture::open VIDEOIO(DSHOW): backend is generally available but can't be used to capture by index
[ WARN:1@292.613] global cap.cpp:477 cv::VideoCapture::open VIDEOIO(DSHOW): backend is generally available but can't be used to capture by index
[ WARN:1@292.616] global cap.cpp:477 cv::VideoCapture::open VIDEOIO(DSHOW): backend is generally available but can't be used to capture by index
[ WARN:1@292.618] global cap.cpp:477 cv::VideoCapture::open VIDEOIO(DSHOW): backend is generally available but can't be used to capture by index
[ERROR:1@292.658] global obsensor_uvc_stream_channel.cpp:163 cv::obsensor::getStreamChannelGroup Camera index out of range
[ERROR:1@292.698] global obsensor_uvc_stream_channel.cpp:163 cv::obsensor::getStreamChannelGroup Camera index out of range
[ERROR:1@292.764] global obsensor_uvc_stream_channel.cpp:163 cv::obsensor::getStreamChannelGroup Camera index out of range
[ERROR:1@292.839] global obsensor_uvc_stream_channel.cpp:163 cv::obsensor::getStreamChannelGroup Camera index out of range
[ERROR:1@292.915] global obsensor_uvc_stream_channel.cpp:163 cv::obsensor::getStreamChannelGroup Camera index out of range
2026-09-17 23:02:52,322 WARNING mongdee.core.vision: [discover:8] index=8 state=OPEN_FAILED (tried 10 backend/format combinations, none produced a frame)
[ WARN:1@293.237] global cap.cpp:477 cv::VideoCapture::open VIDEOIO(DSHOW): backend is generally available but can't be used to capture by index
[ WARN:1@293.241] global cap.cpp:477 cv::VideoCapture::open VIDEOIO(DSHOW): backend is generally available but can't be used to capture by index
[ WARN:1@293.244] global cap.cpp:477 cv::VideoCapture::open VIDEOIO(DSHOW): backend is generally available but can't be used to capture by index
[ WARN:1@293.247] global cap.cpp:477 cv::VideoCapture::open VIDEOIO(DSHOW): backend is generally available but can't be used to capture by index
[ WARN:1@293.249] global cap.cpp:477 cv::VideoCapture::open VIDEOIO(DSHOW): backend is generally available but can't be used to capture by index
[ERROR:1@293.308] global obsensor_uvc_stream_channel.cpp:163 cv::obsensor::getStreamChannelGroup Camera index out of range
[ERROR:1@293.378] global obsensor_uvc_stream_channel.cpp:163 cv::obsensor::getStreamChannelGroup Camera index out of range
[ERROR:1@293.450] global obsensor_uvc_stream_channel.cpp:163 cv::obsensor::getStreamChannelGroup Camera index out of range
[ERROR:1@293.521] global obsensor_uvc_stream_channel.cpp:163 cv::obsensor::getStreamChannelGroup Camera index out of range
[ERROR:1@293.720] global obsensor_uvc_stream_channel.cpp:163 cv::obsensor::getStreamChannelGroup Camera index out of range
2026-09-17 23:02:53,127 WARNING mongdee.core.vision: [discover:9] index=9 state=OPEN_FAILED (tried 10 backend/format combinations, none produced a frame)
[ WARN:1@294.010] global cap.cpp:477 cv::VideoCapture::open VIDEOIO(DSHOW): backend is generally available but can't be used to capture by index
[ WARN:1@294.014] global cap.cpp:477 cv::VideoCapture::open VIDEOIO(DSHOW): backend is generally available but can't be used to capture by index
[ WARN:1@294.017] global cap.cpp:477 cv::VideoCapture::open VIDEOIO(DSHOW): backend is generally available but can't be used to capture by index
[ WARN:1@294.019] global cap.cpp:477 cv::VideoCapture::open VIDEOIO(DSHOW): backend is generally available but can't be used to capture by index
[ WARN:1@294.022] global cap.cpp:477 cv::VideoCapture::open VIDEOIO(DSHOW): backend is generally available but can't be used to capture by index
[ERROR:1@294.082] global obsensor_uvc_stream_channel.cpp:163 cv::obsensor::getStreamChannelGroup Camera index out of range
[ERROR:1@294.142] global obsensor_uvc_stream_channel.cpp:163 cv::obsensor::getStreamChannelGroup Camera index out of range
[ERROR:1@294.216] global obsensor_uvc_stream_channel.cpp:163 cv::obsensor::getStreamChannelGroup Camera index out of range
[ERROR:1@294.292] global obsensor_uvc_stream_channel.cpp:163 cv::obsensor::getStreamChannelGroup Camera index out of range
[ERROR:1@294.369] global obsensor_uvc_stream_channel.cpp:163 cv::obsensor::getStreamChannelGroup Camera index out of range
2026-09-17 23:02:53,777 WARNING mongdee.core.vision: [discover:10] index=10 state=OPEN_FAILED (tried 10 backend/format combinations, none produced a frame)
[ WARN:1@294.698] global cap.cpp:477 cv::VideoCapture::open VIDEOIO(DSHOW): backend is generally available but can't be used to capture by index
[ WARN:1@294.702] global cap.cpp:477 cv::VideoCapture::open VIDEOIO(DSHOW): backend is generally available but can't be used to capture by index
[ WARN:1@294.706] global cap.cpp:477 cv::VideoCapture::open VIDEOIO(DSHOW): backend is generally available but can't be used to capture by index
[ WARN:1@294.710] global cap.cpp:477 cv::VideoCapture::open VIDEOIO(DSHOW): backend is generally available but can't be used to capture by index
[ WARN:1@294.716] global cap.cpp:477 cv::VideoCapture::open VIDEOIO(DSHOW): backend is generally available but can't be used to capture by index
[ERROR:1@294.797] global obsensor_uvc_stream_channel.cpp:163 cv::obsensor::getStreamChannelGroup Camera index out of range
[ERROR:1@294.876] global obsensor_uvc_stream_channel.cpp:163 cv::obsensor::getStreamChannelGroup Camera index out of range
[ERROR:1@294.952] global obsensor_uvc_stream_channel.cpp:163 cv::obsensor::getStreamChannelGroup Camera index out of range
[ERROR:1@295.028] global obsensor_uvc_stream_channel.cpp:163 cv::obsensor::getStreamChannelGroup Camera index out of range
[ERROR:1@295.104] global obsensor_uvc_stream_channel.cpp:163 cv::obsensor::getStreamChannelGroup Camera index out of range
2026-09-17 23:02:54,511 WARNING mongdee.core.vision: [discover:11] index=11 state=OPEN_FAILED (tried 10 backend/format combinations, none produced a frame)
[ WARN:1@295.539] global cap.cpp:477 cv::VideoCapture::open VIDEOIO(DSHOW): backend is generally available but can't be used to capture by index
[ WARN:1@295.543] global cap.cpp:477 cv::VideoCapture::open VIDEOIO(DSHOW): backend is generally available but can't be used to capture by index
[ WARN:1@295.547] global cap.cpp:477 cv::VideoCapture::open VIDEOIO(DSHOW): backend is generally available but can't be used to capture by index
[ WARN:1@295.552] global cap.cpp:477 cv::VideoCapture::open VIDEOIO(DSHOW): backend is generally available but can't be used to capture by index
[ WARN:1@295.557] global cap.cpp:477 cv::VideoCapture::open VIDEOIO(DSHOW): backend is generally available but can't be used to capture by index
[ERROR:1@295.631] global obsensor_uvc_stream_channel.cpp:163 cv::obsensor::getStreamChannelGroup Camera index out of range
[ERROR:1@295.704] global obsensor_uvc_stream_channel.cpp:163 cv::obsensor::getStreamChannelGroup Camera index out of range
[ERROR:1@295.776] global obsensor_uvc_stream_channel.cpp:163 cv::obsensor::getStreamChannelGroup Camera index out of range
[ERROR:1@295.850] global obsensor_uvc_stream_channel.cpp:163 cv::obsensor::getStreamChannelGroup Camera index out of range
[ERROR:1@295.977] global obsensor_uvc_stream_channel.cpp:163 cv::obsensor::getStreamChannelGroup Camera index out of range
2026-09-17 23:02:55,384 WARNING mongdee.core.vision: [discover:12] index=12 state=OPEN_FAILED (tried 10 backend/format combinations, none produced a frame)
[ WARN:1@296.353] global cap.cpp:477 cv::VideoCapture::open VIDEOIO(DSHOW): backend is generally available but can't be used to capture by index
[ WARN:1@296.358] global cap.cpp:477 cv::VideoCapture::open VIDEOIO(DSHOW): backend is generally available but can't be used to capture by index
[ WARN:1@296.363] global cap.cpp:477 cv::VideoCapture::open VIDEOIO(DSHOW): backend is generally available but can't be used to capture by index
[ WARN:1@296.367] global cap.cpp:477 cv::VideoCapture::open VIDEOIO(DSHOW): backend is generally available but can't be used to capture by index
[ WARN:1@296.372] global cap.cpp:477 cv::VideoCapture::open VIDEOIO(DSHOW): backend is generally available but can't be used to capture by index
[ERROR:1@296.480] global obsensor_uvc_stream_channel.cpp:163 cv::obsensor::getStreamChannelGroup Camera index out of range
[ERROR:1@296.554] global obsensor_uvc_stream_channel.cpp:163 cv::obsensor::getStreamChannelGroup Camera index out of range
[ERROR:1@296.655] global obsensor_uvc_stream_channel.cpp:163 cv::obsensor::getStreamChannelGroup Camera index out of range
[ERROR:1@296.736] global obsensor_uvc_stream_channel.cpp:163 cv::obsensor::getStreamChannelGroup Camera index out of range
[ERROR:1@296.814] global obsensor_uvc_stream_channel.cpp:163 cv::obsensor::getStreamChannelGroup Camera index out of range
2026-09-17 23:02:56,221 WARNING mongdee.core.vision: [discover:13] index=13 state=OPEN_FAILED (tried 10 backend/format combinations, none produced a frame)
[ WARN:1@297.072] global cap.cpp:477 cv::VideoCapture::open VIDEOIO(DSHOW): backend is generally available but can't be used to capture by index
[ WARN:1@297.074] global cap.cpp:477 cv::VideoCapture::open VIDEOIO(DSHOW): backend is generally available but can't be used to capture by index
[ WARN:1@297.077] global cap.cpp:477 cv::VideoCapture::open VIDEOIO(DSHOW): backend is generally available but can't be used to capture by index
[ WARN:1@297.079] global cap.cpp:477 cv::VideoCapture::open VIDEOIO(DSHOW): backend is generally available but can't be used to capture by index
[ WARN:1@297.081] global cap.cpp:477 cv::VideoCapture::open VIDEOIO(DSHOW): backend is generally available but can't be used to capture by index
[ERROR:1@297.115] global obsensor_uvc_stream_channel.cpp:163 cv::obsensor::getStreamChannelGroup Camera index out of range
[ERROR:1@297.155] global obsensor_uvc_stream_channel.cpp:163 cv::obsensor::getStreamChannelGroup Camera index out of range
[ERROR:1@297.202] global obsensor_uvc_stream_channel.cpp:163 cv::obsensor::getStreamChannelGroup Camera index out of range
[ERROR:1@297.243] global obsensor_uvc_stream_channel.cpp:163 cv::obsensor::getStreamChannelGroup Camera index out of range
[ERROR:1@297.291] global obsensor_uvc_stream_channel.cpp:163 cv::obsensor::getStreamChannelGroup Camera index out of range
2026-09-17 23:02:56,699 WARNING mongdee.core.vision: [discover:14] index=14 state=OPEN_FAILED (tried 10 backend/format combinations, none produced a frame)
[ WARN:1@297.579] global cap.cpp:477 cv::VideoCapture::open VIDEOIO(DSHOW): backend is generally available but can't be used to capture by index
[ WARN:1@297.583] global cap.cpp:477 cv::VideoCapture::open VIDEOIO(DSHOW): backend is generally available but can't be used to capture by index
[ WARN:1@297.587] global cap.cpp:477 cv::VideoCapture::open VIDEOIO(DSHOW): backend is generally available but can't be used to capture by index
[ WARN:1@297.591] global cap.cpp:477 cv::VideoCapture::open VIDEOIO(DSHOW): backend is generally available but can't be used to capture by index
[ WARN:1@297.594] global cap.cpp:477 cv::VideoCapture::open VIDEOIO(DSHOW): backend is generally available but can't be used to capture by index
[ERROR:1@297.652] global obsensor_uvc_stream_channel.cpp:163 cv::obsensor::getStreamChannelGroup Camera index out of range
[ERROR:1@297.710] global obsensor_uvc_stream_channel.cpp:163 cv::obsensor::getStreamChannelGroup Camera index out of range
[ERROR:1@297.769] global obsensor_uvc_stream_channel.cpp:163 cv::obsensor::getStreamChannelGroup Camera index out of range
[ERROR:1@297.845] global obsensor_uvc_stream_channel.cpp:163 cv::obsensor::getStreamChannelGroup Camera index out of range
[ERROR:1@297.914] global obsensor_uvc_stream_channel.cpp:163 cv::obsensor::getStreamChannelGroup Camera index out of range
2026-09-17 23:02:57,321 WARNING mongdee.core.vision: [discover:15] index=15 state=OPEN_FAILED (tried 10 backend/format combinations, none produced a frame)
2026-09-17 23:03:00,776 INFO mongdee.core.performance: [PERF] CAM-1: restoring AI input resolution (320px -> 480px)
2026-09-17 23:03:02,784 INFO mongdee.core.performance: [PERF] CAM-1: reducing AI input resolution (480px -> 320px)
2026-09-17 23:03:04,792 INFO mongdee.core.performance: [PERF] CAM-1: restoring AI input resolution (320px -> 480px)
2026-09-17 23:03:06,805 INFO mongdee.core.performance: [PERF] CAM-1: reducing AI input resolution (480px -> 320px)
2026-09-17 23:03:10,818 INFO mongdee.core.performance: [PERF] CAM-1: restoring AI input resolution (320px -> 480px)
2026-09-17 23:03:12,821 INFO mongdee.core.performance: [PERF] CAM-1: restoring AI input resolution (480px -> 640px)
2026-09-17 23:03:14,939 INFO mongdee.core.performance: [PERF] CAM-1: reducing AI input resolution (640px -> 480px)
2026-09-17 23:03:16,948 INFO mongdee.core.performance: [PERF] CAM-1: reducing AI input resolution (480px -> 320px)
2026-09-17 23:03:18,954 INFO mongdee.core.performance: [PERF] CAM-1: restoring AI input resolution (320px -> 480px)
2026-09-17 23:03:20,962 INFO mongdee.core.performance: [PERF] CAM-1: reducing AI input resolution (480px -> 320px)
2026-09-17 23:03:28,990 INFO mongdee.core.performance: [PERF] CAM-1: restoring AI input resolution (320px -> 480px)
2026-09-17 23:03:30,999 INFO mongdee.core.performance: [PERF] CAM-1: reducing AI input resolution (480px -> 320px)
2026-09-17 23:03:33,004 INFO mongdee.core.performance: [PERF] CAM-1: restoring AI input resolution (320px -> 480px)
2026-09-17 23:03:35,011 INFO mongdee.core.performance: [PERF] CAM-1: reducing AI input resolution (480px -> 320px)
2026-09-17 23:03:45,045 INFO mongdee.core.performance: [PERF] CAM-1: restoring AI input resolution (320px -> 480px)
2026-09-17 23:03:47,052 INFO mongdee.core.performance: [PERF] CAM-1: reducing AI input resolution (480px -> 320px)
2026-09-17 23:03:51,067 INFO mongdee.core.performance: [PERF] CAM-1: restoring AI input resolution (320px -> 480px)
2026-09-17 23:03:53,073 INFO mongdee.core.performance: [PERF] CAM-1: reducing AI input resolution (480px -> 320px)
2026-09-17 23:03:55,076 INFO mongdee.core.performance: [PERF] CAM-1: restoring AI input resolution (320px -> 480px)
2026-09-17 23:03:57,084 INFO mongdee.core.performance: [PERF] CAM-1: restoring AI input resolution (480px -> 640px)
[ WARN:1@358.139] global cap.cpp:477 cv::VideoCapture::open VIDEOIO(DSHOW): backend is generally available but can't be used to capture by index
[ WARN:1@358.140] global cap.cpp:477 cv::VideoCapture::open VIDEOIO(DSHOW): backend is generally available but can't be used to capture by index
[ WARN:1@358.142] global cap.cpp:477 cv::VideoCapture::open VIDEOIO(DSHOW): backend is generally available but can't be used to capture by index
[ WARN:1@358.143] global cap.cpp:477 cv::VideoCapture::open VIDEOIO(DSHOW): backend is generally available but can't be used to capture by index
[ WARN:1@358.145] global cap.cpp:477 cv::VideoCapture::open VIDEOIO(DSHOW): backend is generally available but can't be used to capture by index
[ERROR:1@358.180] global obsensor_uvc_stream_channel.cpp:163 cv::obsensor::getStreamChannelGroup Camera index out of range
[ERROR:1@358.217] global obsensor_uvc_stream_channel.cpp:163 cv::obsensor::getStreamChannelGroup Camera index out of range
[ERROR:1@358.252] global obsensor_uvc_stream_channel.cpp:163 cv::obsensor::getStreamChannelGroup Camera index out of range
[ERROR:1@358.288] global obsensor_uvc_stream_channel.cpp:163 cv::obsensor::getStreamChannelGroup Camera index out of range
[ERROR:1@358.330] global obsensor_uvc_stream_channel.cpp:163 cv::obsensor::getStreamChannelGroup Camera index out of range
2026-09-17 23:03:57,738 WARNING mongdee.core.vision: [discover:3] index=3 state=OPEN_FAILED (tried 10 backend/format combinations, none produced a frame)
[ WARN:1@358.458] global cap.cpp:477 cv::VideoCapture::open VIDEOIO(DSHOW): backend is generally available but can't be used to capture by index
[ WARN:1@358.460] global cap.cpp:477 cv::VideoCapture::open VIDEOIO(DSHOW): backend is generally available but can't be used to capture by index
[ WARN:1@358.462] global cap.cpp:477 cv::VideoCapture::open VIDEOIO(DSHOW): backend is generally available but can't be used to capture by index
[ WARN:1@358.463] global cap.cpp:477 cv::VideoCapture::open VIDEOIO(DSHOW): backend is generally available but can't be used to capture by index
[ WARN:1@358.465] global cap.cpp:477 cv::VideoCapture::open VIDEOIO(DSHOW): backend is generally available but can't be used to capture by index
[ERROR:1@358.496] global obsensor_uvc_stream_channel.cpp:163 cv::obsensor::getStreamChannelGroup Camera index out of range
[ERROR:1@358.536] global obsensor_uvc_stream_channel.cpp:163 cv::obsensor::getStreamChannelGroup Camera index out of range
[ERROR:1@358.596] global obsensor_uvc_stream_channel.cpp:163 cv::obsensor::getStreamChannelGroup Camera index out of range
[ERROR:1@358.670] global obsensor_uvc_stream_channel.cpp:163 cv::obsensor::getStreamChannelGroup Camera index out of range
[ERROR:1@358.740] global obsensor_uvc_stream_channel.cpp:163 cv::obsensor::getStreamChannelGroup Camera index out of range
2026-09-17 23:03:58,148 WARNING mongdee.core.vision: [discover:4] index=4 state=OPEN_FAILED (tried 10 backend/format combinations, none produced a frame)
[ WARN:1@359.096] global cap.cpp:477 cv::VideoCapture::open VIDEOIO(DSHOW): backend is generally available but can't be used to capture by index
[ WARN:1@359.100] global cap.cpp:477 cv::VideoCapture::open VIDEOIO(DSHOW): backend is generally available but can't be used to capture by index
[ WARN:1@359.104] global cap.cpp:477 cv::VideoCapture::open VIDEOIO(DSHOW): backend is generally available but can't be used to capture by index
[ WARN:1@359.108] global cap.cpp:477 cv::VideoCapture::open VIDEOIO(DSHOW): backend is generally available but can't be used to capture by index
[ WARN:1@359.112] global cap.cpp:477 cv::VideoCapture::open VIDEOIO(DSHOW): backend is generally available but can't be used to capture by index
[ERROR:1@359.187] global obsensor_uvc_stream_channel.cpp:163 cv::obsensor::getStreamChannelGroup Camera index out of range
[ERROR:1@359.260] global obsensor_uvc_stream_channel.cpp:163 cv::obsensor::getStreamChannelGroup Camera index out of range
[ERROR:1@359.327] global obsensor_uvc_stream_channel.cpp:163 cv::obsensor::getStreamChannelGroup Camera index out of range
[ERROR:1@359.392] global obsensor_uvc_stream_channel.cpp:163 cv::obsensor::getStreamChannelGroup Camera index out of range
[ERROR:1@359.456] global obsensor_uvc_stream_channel.cpp:163 cv::obsensor::getStreamChannelGroup Camera index out of range
2026-09-17 23:03:58,864 WARNING mongdee.core.vision: [discover:5] index=5 state=OPEN_FAILED (tried 10 backend/format combinations, none produced a frame)
2026-09-17 23:03:59,147 INFO mongdee.core.performance: [PERF] CAM-1: restoring AI inference rate (every 8 -> 7 frames)
[ WARN:1@359.787] global cap.cpp:477 cv::VideoCapture::open VIDEOIO(DSHOW): backend is generally available but can't be used to capture by index
[ WARN:1@359.790] global cap.cpp:477 cv::VideoCapture::open VIDEOIO(DSHOW): backend is generally available but can't be used to capture by index
[ WARN:1@359.794] global cap.cpp:477 cv::VideoCapture::open VIDEOIO(DSHOW): backend is generally available but can't be used to capture by index
[ WARN:1@359.798] global cap.cpp:477 cv::VideoCapture::open VIDEOIO(DSHOW): backend is generally available but can't be used to capture by index
[ WARN:1@359.802] global cap.cpp:477 cv::VideoCapture::open VIDEOIO(DSHOW): backend is generally available but can't be used to capture by index
[ERROR:1@359.874] global obsensor_uvc_stream_channel.cpp:163 cv::obsensor::getStreamChannelGroup Camera index out of range
[ERROR:1@359.945] global obsensor_uvc_stream_channel.cpp:163 cv::obsensor::getStreamChannelGroup Camera index out of range
[ERROR:1@360.021] global obsensor_uvc_stream_channel.cpp:163 cv::obsensor::getStreamChannelGroup Camera index out of range
[ERROR:1@360.086] global obsensor_uvc_stream_channel.cpp:163 cv::obsensor::getStreamChannelGroup Camera index out of range
[ERROR:1@360.133] global obsensor_uvc_stream_channel.cpp:163 cv::obsensor::getStreamChannelGroup Camera index out of range
2026-09-17 23:03:59,540 WARNING mongdee.core.vision: [discover:6] index=6 state=OPEN_FAILED (tried 10 backend/format combinations, none produced a frame)
[ WARN:1@360.269] global cap.cpp:477 cv::VideoCapture::open VIDEOIO(DSHOW): backend is generally available but can't be used to capture by index
[ WARN:1@360.271] global cap.cpp:477 cv::VideoCapture::open VIDEOIO(DSHOW): backend is generally available but can't be used to capture by index
[ WARN:1@360.273] global cap.cpp:477 cv::VideoCapture::open VIDEOIO(DSHOW): backend is generally available but can't be used to capture by index
[ WARN:1@360.275] global cap.cpp:477 cv::VideoCapture::open VIDEOIO(DSHOW): backend is generally available but can't be used to capture by index
[ WARN:1@360.276] global cap.cpp:477 cv::VideoCapture::open VIDEOIO(DSHOW): backend is generally available but can't be used to capture by index
[ERROR:1@360.309] global obsensor_uvc_stream_channel.cpp:163 cv::obsensor::getStreamChannelGroup Camera index out of range
[ERROR:1@360.351] global obsensor_uvc_stream_channel.cpp:163 cv::obsensor::getStreamChannelGroup Camera index out of range
[ERROR:1@360.394] global obsensor_uvc_stream_channel.cpp:163 cv::obsensor::getStreamChannelGroup Camera index out of range
[ERROR:1@360.436] global obsensor_uvc_stream_channel.cpp:163 cv::obsensor::getStreamChannelGroup Camera index out of range
[ERROR:1@360.473] global obsensor_uvc_stream_channel.cpp:163 cv::obsensor::getStreamChannelGroup Camera index out of range
2026-09-17 23:03:59,880 WARNING mongdee.core.vision: [discover:7] index=7 state=OPEN_FAILED (tried 10 backend/format combinations, none produced a frame)
[ WARN:1@360.566] global cap.cpp:477 cv::VideoCapture::open VIDEOIO(DSHOW): backend is generally available but can't be used to capture by index
[ WARN:1@360.567] global cap.cpp:477 cv::VideoCapture::open VIDEOIO(DSHOW): backend is generally available but can't be used to capture by index
[ WARN:1@360.568] global cap.cpp:477 cv::VideoCapture::open VIDEOIO(DSHOW): backend is generally available but can't be used to capture by index
[ WARN:1@360.570] global cap.cpp:477 cv::VideoCapture::open VIDEOIO(DSHOW): backend is generally available but can't be used to capture by index
[ WARN:1@360.571] global cap.cpp:477 cv::VideoCapture::open VIDEOIO(DSHOW): backend is generally available but can't be used to capture by index
[ERROR:1@360.605] global obsensor_uvc_stream_channel.cpp:163 cv::obsensor::getStreamChannelGroup Camera index out of range
[ERROR:1@360.672] global obsensor_uvc_stream_channel.cpp:163 cv::obsensor::getStreamChannelGroup Camera index out of range
[ERROR:1@360.752] global obsensor_uvc_stream_channel.cpp:163 cv::obsensor::getStreamChannelGroup Camera index out of range
[ERROR:1@360.823] global obsensor_uvc_stream_channel.cpp:163 cv::obsensor::getStreamChannelGroup Camera index out of range
[ERROR:1@360.896] global obsensor_uvc_stream_channel.cpp:163 cv::obsensor::getStreamChannelGroup Camera index out of range
2026-09-17 23:04:00,303 WARNING mongdee.core.vision: [discover:8] index=8 state=OPEN_FAILED (tried 10 backend/format combinations, none produced a frame)
[ WARN:1@361.246] global cap.cpp:477 cv::VideoCapture::open VIDEOIO(DSHOW): backend is generally available but can't be used to capture by index
[ WARN:1@361.251] global cap.cpp:477 cv::VideoCapture::open VIDEOIO(DSHOW): backend is generally available but can't be used to capture by index
[ WARN:1@361.255] global cap.cpp:477 cv::VideoCapture::open VIDEOIO(DSHOW): backend is generally available but can't be used to capture by index
[ WARN:1@361.259] global cap.cpp:477 cv::VideoCapture::open VIDEOIO(DSHOW): backend is generally available but can't be used to capture by index
[ WARN:1@361.263] global cap.cpp:477 cv::VideoCapture::open VIDEOIO(DSHOW): backend is generally available but can't be used to capture by index
[ERROR:1@361.333] global obsensor_uvc_stream_channel.cpp:163 cv::obsensor::getStreamChannelGroup Camera index out of range
[ERROR:1@361.396] global obsensor_uvc_stream_channel.cpp:163 cv::obsensor::getStreamChannelGroup Camera index out of range
[ERROR:1@361.461] global obsensor_uvc_stream_channel.cpp:163 cv::obsensor::getStreamChannelGroup Camera index out of range
[ERROR:1@361.535] global obsensor_uvc_stream_channel.cpp:163 cv::obsensor::getStreamChannelGroup Camera index out of range
[ERROR:1@361.596] global obsensor_uvc_stream_channel.cpp:163 cv::obsensor::getStreamChannelGroup Camera index out of range
2026-09-17 23:04:01,003 WARNING mongdee.core.vision: [discover:9] index=9 state=OPEN_FAILED (tried 10 backend/format combinations, none produced a frame)
2026-09-17 23:04:01,154 INFO mongdee.core.performance: [PERF] CAM-1: restoring AI inference rate (every 7 -> 6 frames)
[ WARN:1@361.844] global cap.cpp:477 cv::VideoCapture::open VIDEOIO(DSHOW): backend is generally available but can't be used to capture by index
[ WARN:1@361.846] global cap.cpp:477 cv::VideoCapture::open VIDEOIO(DSHOW): backend is generally available but can't be used to capture by index
[ WARN:1@361.848] global cap.cpp:477 cv::VideoCapture::open VIDEOIO(DSHOW): backend is generally available but can't be used to capture by index
[ WARN:1@361.849] global cap.cpp:477 cv::VideoCapture::open VIDEOIO(DSHOW): backend is generally available but can't be used to capture by index
[ WARN:1@361.851] global cap.cpp:477 cv::VideoCapture::open VIDEOIO(DSHOW): backend is generally available but can't be used to capture by index
[ERROR:1@361.888] global obsensor_uvc_stream_channel.cpp:163 cv::obsensor::getStreamChannelGroup Camera index out of range
[ERROR:1@361.952] global obsensor_uvc_stream_channel.cpp:163 cv::obsensor::getStreamChannelGroup Camera index out of range
[ERROR:1@362.018] global obsensor_uvc_stream_channel.cpp:163 cv::obsensor::getStreamChannelGroup Camera index out of range
[ERROR:1@362.092] global obsensor_uvc_stream_channel.cpp:163 cv::obsensor::getStreamChannelGroup Camera index out of range
[ERROR:1@362.165] global obsensor_uvc_stream_channel.cpp:163 cv::obsensor::getStreamChannelGroup Camera index out of range
2026-09-17 23:04:01,572 WARNING mongdee.core.vision: [discover:10] index=10 state=OPEN_FAILED (tried 10 backend/format combinations, none produced a frame)
[ WARN:1@362.537] global cap.cpp:477 cv::VideoCapture::open VIDEOIO(DSHOW): backend is generally available but can't be used to capture by index
[ WARN:1@362.540] global cap.cpp:477 cv::VideoCapture::open VIDEOIO(DSHOW): backend is generally available but can't be used to capture by index
[ WARN:1@362.544] global cap.cpp:477 cv::VideoCapture::open VIDEOIO(DSHOW): backend is generally available but can't be used to capture by index
[ WARN:1@362.549] global cap.cpp:477 cv::VideoCapture::open VIDEOIO(DSHOW): backend is generally available but can't be used to capture by index
[ WARN:1@362.553] global cap.cpp:477 cv::VideoCapture::open VIDEOIO(DSHOW): backend is generally available but can't be used to capture by index
[ERROR:1@362.605] global obsensor_uvc_stream_channel.cpp:163 cv::obsensor::getStreamChannelGroup Camera index out of range
[ERROR:1@363.483] global obsensor_uvc_stream_channel.cpp:163 cv::obsensor::getStreamChannelGroup Camera index out of range
[ERROR:1@363.556] global obsensor_uvc_stream_channel.cpp:163 cv::obsensor::getStreamChannelGroup Camera index out of range
[ERROR:1@363.625] global obsensor_uvc_stream_channel.cpp:163 cv::obsensor::getStreamChannelGroup Camera index out of range
[ERROR:1@363.695] global obsensor_uvc_stream_channel.cpp:163 cv::obsensor::getStreamChannelGroup Camera index out of range
2026-09-17 23:04:03,103 WARNING mongdee.core.vision: [discover:11] index=11 state=OPEN_FAILED (tried 10 backend/format combinations, none produced a frame)
2026-09-17 23:04:03,162 INFO mongdee.core.performance: [PERF] CAM-1: restoring AI inference rate (every 6 -> 5 frames)
[ WARN:1@364.036] global cap.cpp:477 cv::VideoCapture::open VIDEOIO(DSHOW): backend is generally available but can't be used to capture by index
[ WARN:1@364.040] global cap.cpp:477 cv::VideoCapture::open VIDEOIO(DSHOW): backend is generally available but can't be used to capture by index
[ WARN:1@364.044] global cap.cpp:477 cv::VideoCapture::open VIDEOIO(DSHOW): backend is generally available but can't be used to capture by index
[ WARN:1@364.048] global cap.cpp:477 cv::VideoCapture::open VIDEOIO(DSHOW): backend is generally available but can't be used to capture by index
[ WARN:1@364.053] global cap.cpp:477 cv::VideoCapture::open VIDEOIO(DSHOW): backend is generally available but can't be used to capture by index
[ERROR:1@364.118] global obsensor_uvc_stream_channel.cpp:163 cv::obsensor::getStreamChannelGroup Camera index out of range
[ERROR:1@364.183] global obsensor_uvc_stream_channel.cpp:163 cv::obsensor::getStreamChannelGroup Camera index out of range
[ERROR:1@364.257] global obsensor_uvc_stream_channel.cpp:163 cv::obsensor::getStreamChannelGroup Camera index out of range
[ERROR:1@364.333] global obsensor_uvc_stream_channel.cpp:163 cv::obsensor::getStreamChannelGroup Camera index out of range
[ERROR:1@364.410] global obsensor_uvc_stream_channel.cpp:163 cv::obsensor::getStreamChannelGroup Camera index out of range
2026-09-17 23:04:03,817 WARNING mongdee.core.vision: [discover:12] index=12 state=OPEN_FAILED (tried 10 backend/format combinations, none produced a frame)
[ WARN:1@364.782] global cap.cpp:477 cv::VideoCapture::open VIDEOIO(DSHOW): backend is generally available but can't be used to capture by index
[ WARN:1@364.787] global cap.cpp:477 cv::VideoCapture::open VIDEOIO(DSHOW): backend is generally available but can't be used to capture by index
[ WARN:1@364.791] global cap.cpp:477 cv::VideoCapture::open VIDEOIO(DSHOW): backend is generally available but can't be used to capture by index
[ WARN:1@364.794] global cap.cpp:477 cv::VideoCapture::open VIDEOIO(DSHOW): backend is generally available but can't be used to capture by index
[ WARN:1@364.797] global cap.cpp:477 cv::VideoCapture::open VIDEOIO(DSHOW): backend is generally available but can't be used to capture by index
[ERROR:1@364.844] global obsensor_uvc_stream_channel.cpp:163 cv::obsensor::getStreamChannelGroup Camera index out of range
[ERROR:1@364.881] global obsensor_uvc_stream_channel.cpp:163 cv::obsensor::getStreamChannelGroup Camera index out of range
[ERROR:1@364.919] global obsensor_uvc_stream_channel.cpp:163 cv::obsensor::getStreamChannelGroup Camera index out of range
[ERROR:1@364.956] global obsensor_uvc_stream_channel.cpp:163 cv::obsensor::getStreamChannelGroup Camera index out of range
[ERROR:1@364.997] global obsensor_uvc_stream_channel.cpp:163 cv::obsensor::getStreamChannelGroup Camera index out of range
2026-09-17 23:04:04,404 WARNING mongdee.core.vision: [discover:13] index=13 state=OPEN_FAILED (tried 10 backend/format combinations, none produced a frame)
[ WARN:1@365.124] global cap.cpp:477 cv::VideoCapture::open VIDEOIO(DSHOW): backend is generally available but can't be used to capture by index
[ WARN:1@365.126] global cap.cpp:477 cv::VideoCapture::open VIDEOIO(DSHOW): backend is generally available but can't be used to capture by index
[ WARN:1@365.127] global cap.cpp:477 cv::VideoCapture::open VIDEOIO(DSHOW): backend is generally available but can't be used to capture by index
[ WARN:1@365.129] global cap.cpp:477 cv::VideoCapture::open VIDEOIO(DSHOW): backend is generally available but can't be used to capture by index
[ WARN:1@365.131] global cap.cpp:477 cv::VideoCapture::open VIDEOIO(DSHOW): backend is generally available but can't be used to capture by index
[ERROR:1@365.178] global obsensor_uvc_stream_channel.cpp:163 cv::obsensor::getStreamChannelGroup Camera index out of range
[ERROR:1@365.247] global obsensor_uvc_stream_channel.cpp:163 cv::obsensor::getStreamChannelGroup Camera index out of range
[ERROR:1@365.320] global obsensor_uvc_stream_channel.cpp:163 cv::obsensor::getStreamChannelGroup Camera index out of range
[ERROR:1@365.399] global obsensor_uvc_stream_channel.cpp:163 cv::obsensor::getStreamChannelGroup Camera index out of range
[ERROR:1@365.478] global obsensor_uvc_stream_channel.cpp:163 cv::obsensor::getStreamChannelGroup Camera index out of range
2026-09-17 23:04:04,885 WARNING mongdee.core.vision: [discover:14] index=14 state=OPEN_FAILED (tried 10 backend/format combinations, none produced a frame)
2026-09-17 23:04:05,169 INFO mongdee.core.performance: [PERF] CAM-1: reducing AI inference rate (every 5 -> 6 frames)
[ WARN:1@365.838] global cap.cpp:477 cv::VideoCapture::open VIDEOIO(DSHOW): backend is generally available but can't be used to capture by index
[ WARN:1@365.842] global cap.cpp:477 cv::VideoCapture::open VIDEOIO(DSHOW): backend is generally available but can't be used to capture by index
[ WARN:1@365.846] global cap.cpp:477 cv::VideoCapture::open VIDEOIO(DSHOW): backend is generally available but can't be used to capture by index
[ WARN:1@365.850] global cap.cpp:477 cv::VideoCapture::open VIDEOIO(DSHOW): backend is generally available but can't be used to capture by index
[ WARN:1@365.854] global cap.cpp:477 cv::VideoCapture::open VIDEOIO(DSHOW): backend is generally available but can't be used to capture by index
[ERROR:1@365.924] global obsensor_uvc_stream_channel.cpp:163 cv::obsensor::getStreamChannelGroup Camera index out of range
[ERROR:1@365.992] global obsensor_uvc_stream_channel.cpp:163 cv::obsensor::getStreamChannelGroup Camera index out of range
[ERROR:1@366.055] global obsensor_uvc_stream_channel.cpp:163 cv::obsensor::getStreamChannelGroup Camera index out of range
[ERROR:1@366.123] global obsensor_uvc_stream_channel.cpp:163 cv::obsensor::getStreamChannelGroup Camera index out of range
[ERROR:1@366.192] global obsensor_uvc_stream_channel.cpp:163 cv::obsensor::getStreamChannelGroup Camera index out of range
2026-09-17 23:04:05,599 WARNING mongdee.core.vision: [discover:15] index=15 state=OPEN_FAILED (tried 10 backend/format combinations, none produced a frame)
2026-09-17 23:04:07,175 INFO mongdee.core.performance: [PERF] CAM-1: reducing AI inference rate (every 6 -> 7 frames)
2026-09-17 23:04:09,185 INFO mongdee.core.performance: [PERF] CAM-1: restoring AI inference rate (every 7 -> 6 frames)
2026-09-17 23:04:11,192 INFO mongdee.core.performance: [PERF] CAM-1: restoring AI inference rate (every 6 -> 5 frames)
2026-09-17 23:04:13,201 INFO mongdee.core.performance: [PERF] CAM-1: reducing AI inference rate (every 5 -> 6 frames)
2026-09-17 23:04:15,207 INFO mongdee.core.performance: [PERF] CAM-1: reducing AI inference rate (every 6 -> 7 frames)
2026-09-17 23:04:17,216 INFO mongdee.core.performance: [PERF] CAM-1: reducing AI inference rate (every 7 -> 8 frames)
2026-09-17 23:04:19,224 INFO mongdee.core.performance: [PERF] CAM-1: restoring AI inference rate (every 8 -> 7 frames)
2026-09-17 23:04:21,232 INFO mongdee.core.performance: [PERF] CAM-1: reducing AI inference rate (every 7 -> 8 frames)
2026-09-17 23:04:23,238 INFO mongdee.core.performance: [PERF] CAM-1: reducing AI input resolution (640px -> 480px)
2026-09-17 23:04:25,247 INFO mongdee.core.performance: [PERF] CAM-1: reducing AI input resolution (480px -> 320px)
2026-09-17 23:04:27,254 WARNING mongdee.core.performance: [PERF] CPU สูงต่อเนื่อง (98% >= 95% นาน 6s) — พัก AI ทั้งระบบชั่วคราว (Camera Preview ยังทำงานปกติ)
2026-09-17 23:04:29,258 INFO mongdee.core.performance: [PERF] CAM-1: restoring AI input resolution (320px -> 480px)
2026-09-17 23:04:31,261 INFO mongdee.core.performance: [PERF] CAM-1: restoring AI input resolution (480px -> 640px)
2026-09-17 23:04:33,273 INFO mongdee.core.performance: [PERF] CAM-1: restoring AI inference rate (every 8 -> 7 frames)
2026-09-17 23:04:35,280 INFO mongdee.core.performance: [PERF] CPU กลับสู่ปกติ (46% <= 70% นาน 6s) — เริ่ม AI ต่ออัตโนมัติ
2026-09-17 23:04:35,280 INFO mongdee.core.performance: [PERF] CAM-1: restoring AI inference rate (every 7 -> 6 frames)
2026-09-17 23:04:37,288 INFO mongdee.core.performance: [PERF] CAM-1: reducing AI inference rate (every 6 -> 7 frames)
2026-09-17 23:04:39,297 INFO mongdee.core.performance: [PERF] CAM-1: restoring AI inference rate (every 7 -> 6 frames)
2026-09-17 23:04:41,305 INFO mongdee.core.performance: [PERF] CAM-1: reducing AI inference rate (every 6 -> 7 frames)
2026-09-17 23:04:43,312 INFO mongdee.core.performance: [PERF] CAM-1: reducing AI inference rate (every 7 -> 8 frames)
2026-09-17 23:04:45,322 INFO mongdee.core.performance: [PERF] CAM-1: reducing AI input resolution (640px -> 480px)
2026-09-17 23:04:47,329 WARNING mongdee.core.performance: [PERF] CPU สูงต่อเนื่อง (98% >= 95% นาน 6s) — พัก AI ทั้งระบบชั่วคราว (Camera Preview ยังทำงานปกติ)
2026-09-17 23:04:47,330 INFO mongdee.core.performance: [PERF] CAM-1: reducing AI input resolution (480px -> 320px)
2026-09-17 23:04:49,333 INFO mongdee.core.performance: [PERF] CAM-1: restoring AI input resolution (320px -> 480px)
2026-09-17 23:04:51,337 INFO mongdee.core.performance: [PERF] CAM-1: restoring AI input resolution (480px -> 640px)
2026-09-17 23:04:53,340 INFO mongdee.core.performance: [PERF] CAM-1: restoring AI inference rate (every 8 -> 7 frames)
2026-09-17 23:04:55,343 INFO mongdee.core.performance: [PERF] CPU กลับสู่ปกติ (9% <= 70% นาน 6s) — เริ่ม AI ต่ออัตโนมัติ
2026-09-17 23:04:55,344 INFO mongdee.core.performance: [PERF] CAM-1: restoring AI inference rate (every 7 -> 6 frames)
2026-09-17 23:04:57,347 INFO mongdee.core.performance: [PERF] CAM-1: restoring AI inference rate (every 6 -> 5 frames)
2026-09-17 23:04:59,629 INFO mongdee.core.performance: [PERF] CAM-1: restoring AI inference rate (every 5 -> 4 frames)
2026-09-17 23:05:01,638 INFO mongdee.core.performance: [PERF] CAM-1: restoring AI inference rate (every 4 -> 3 frames)
2026-09-17 23:05:03,641 INFO mongdee.core.performance: [PERF] CAM-1: reducing AI inference rate (every 3 -> 4 frames)
2026-09-17 23:05:05,646 INFO mongdee.core.performance: [PERF] CAM-1: restoring AI inference rate (every 4 -> 3 frames)
[ WARN:1@426.872] global cap.cpp:477 cv::VideoCapture::open VIDEOIO(DSHOW): backend is generally available but can't be used to capture by index
[ WARN:1@426.876] global cap.cpp:477 cv::VideoCapture::open VIDEOIO(DSHOW): backend is generally available but can't be used to capture by index
[ WARN:1@426.880] global cap.cpp:477 cv::VideoCapture::open VIDEOIO(DSHOW): backend is generally available but can't be used to capture by index
[ WARN:1@426.884] global cap.cpp:477 cv::VideoCapture::open VIDEOIO(DSHOW): backend is generally available but can't be used to capture by index
[ WARN:1@426.888] global cap.cpp:477 cv::VideoCapture::open VIDEOIO(DSHOW): backend is generally available but can't be used to capture by index
[ERROR:1@426.962] global obsensor_uvc_stream_channel.cpp:163 cv::obsensor::getStreamChannelGroup Camera index out of range
[ERROR:1@427.036] global obsensor_uvc_stream_channel.cpp:163 cv::obsensor::getStreamChannelGroup Camera index out of range
[ERROR:1@427.108] global obsensor_uvc_stream_channel.cpp:163 cv::obsensor::getStreamChannelGroup Camera index out of range
[ERROR:1@427.177] global obsensor_uvc_stream_channel.cpp:163 cv::obsensor::getStreamChannelGroup Camera index out of range
[ERROR:1@427.249] global obsensor_uvc_stream_channel.cpp:163 cv::obsensor::getStreamChannelGroup Camera index out of range
2026-09-17 23:05:06,656 WARNING mongdee.core.vision: [discover:3] index=3 state=OPEN_FAILED (tried 10 backend/format combinations, none produced a frame)
[ WARN:1@427.654] global cap.cpp:477 cv::VideoCapture::open VIDEOIO(DSHOW): backend is generally available but can't be used to capture by index
[ WARN:1@427.658] global cap.cpp:477 cv::VideoCapture::open VIDEOIO(DSHOW): backend is generally available but can't be used to capture by index
[ WARN:1@427.663] global cap.cpp:477 cv::VideoCapture::open VIDEOIO(DSHOW): backend is generally available but can't be used to capture by index
[ WARN:1@427.667] global cap.cpp:477 cv::VideoCapture::open VIDEOIO(DSHOW): backend is generally available but can't be used to capture by index
[ WARN:1@427.670] global cap.cpp:477 cv::VideoCapture::open VIDEOIO(DSHOW): backend is generally available but can't be used to capture by index
[ERROR:1@427.741] global obsensor_uvc_stream_channel.cpp:163 cv::obsensor::getStreamChannelGroup Camera index out of range
[ERROR:1@427.819] global obsensor_uvc_stream_channel.cpp:163 cv::obsensor::getStreamChannelGroup Camera index out of range
[ERROR:1@427.899] global obsensor_uvc_stream_channel.cpp:163 cv::obsensor::getStreamChannelGroup Camera index out of range
[ERROR:1@427.976] global obsensor_uvc_stream_channel.cpp:163 cv::obsensor::getStreamChannelGroup Camera index out of range
[ERROR:1@428.043] global obsensor_uvc_stream_channel.cpp:163 cv::obsensor::getStreamChannelGroup Camera index out of range
2026-09-17 23:05:07,450 WARNING mongdee.core.vision: [discover:4] index=4 state=OPEN_FAILED (tried 10 backend/format combinations, none produced a frame)
2026-09-17 23:05:07,652 INFO mongdee.core.performance: [PERF] CAM-1: reducing AI inference rate (every 3 -> 4 frames)
[ WARN:1@428.392] global cap.cpp:477 cv::VideoCapture::open VIDEOIO(DSHOW): backend is generally available but can't be used to capture by index
[ WARN:1@428.397] global cap.cpp:477 cv::VideoCapture::open VIDEOIO(DSHOW): backend is generally available but can't be used to capture by index
[ WARN:1@428.402] global cap.cpp:477 cv::VideoCapture::open VIDEOIO(DSHOW): backend is generally available but can't be used to capture by index
[ WARN:1@428.407] global cap.cpp:477 cv::VideoCapture::open VIDEOIO(DSHOW): backend is generally available but can't be used to capture by index
[ WARN:1@428.412] global cap.cpp:477 cv::VideoCapture::open VIDEOIO(DSHOW): backend is generally available but can't be used to capture by index
[ERROR:1@428.534] global obsensor_uvc_stream_channel.cpp:163 cv::obsensor::getStreamChannelGroup Camera index out of range
[ERROR:1@428.603] global obsensor_uvc_stream_channel.cpp:163 cv::obsensor::getStreamChannelGroup Camera index out of range
[ERROR:1@428.719] global obsensor_uvc_stream_channel.cpp:163 cv::obsensor::getStreamChannelGroup Camera index out of range
[ERROR:1@428.790] global obsensor_uvc_stream_channel.cpp:163 cv::obsensor::getStreamChannelGroup Camera index out of range
[ERROR:1@428.857] global obsensor_uvc_stream_channel.cpp:163 cv::obsensor::getStreamChannelGroup Camera index out of range
2026-09-17 23:05:08,264 WARNING mongdee.core.vision: [discover:5] index=5 state=OPEN_FAILED (tried 10 backend/format combinations, none produced a frame)
[ WARN:1@429.212] global cap.cpp:477 cv::VideoCapture::open VIDEOIO(DSHOW): backend is generally available but can't be used to capture by index
[ WARN:1@429.217] global cap.cpp:477 cv::VideoCapture::open VIDEOIO(DSHOW): backend is generally available but can't be used to capture by index
[ WARN:1@429.221] global cap.cpp:477 cv::VideoCapture::open VIDEOIO(DSHOW): backend is generally available but can't be used to capture by index
[ WARN:1@429.225] global cap.cpp:477 cv::VideoCapture::open VIDEOIO(DSHOW): backend is generally available but can't be used to capture by index
[ WARN:1@429.229] global cap.cpp:477 cv::VideoCapture::open VIDEOIO(DSHOW): backend is generally available but can't be used to capture by index
[ERROR:1@429.302] global obsensor_uvc_stream_channel.cpp:163 cv::obsensor::getStreamChannelGroup Camera index out of range
[ERROR:1@429.477] global obsensor_uvc_stream_channel.cpp:163 cv::obsensor::getStreamChannelGroup Camera index out of range
[ERROR:1@429.550] global obsensor_uvc_stream_channel.cpp:163 cv::obsensor::getStreamChannelGroup Camera index out of range
[ERROR:1@429.622] global obsensor_uvc_stream_channel.cpp:163 cv::obsensor::getStreamChannelGroup Camera index out of range
[ERROR:1@429.694] global obsensor_uvc_stream_channel.cpp:163 cv::obsensor::getStreamChannelGroup Camera index out of range
2026-09-17 23:05:09,102 WARNING mongdee.core.vision: [discover:6] index=6 state=OPEN_FAILED (tried 10 backend/format combinations, none produced a frame)
[ WARN:1@430.048] global cap.cpp:477 cv::VideoCapture::open VIDEOIO(DSHOW): backend is generally available but can't be used to capture by index
[ WARN:1@430.052] global cap.cpp:477 cv::VideoCapture::open VIDEOIO(DSHOW): backend is generally available but can't be used to capture by index
[ WARN:1@430.056] global cap.cpp:477 cv::VideoCapture::open VIDEOIO(DSHOW): backend is generally available but can't be used to capture by index
[ WARN:1@430.061] global cap.cpp:477 cv::VideoCapture::open VIDEOIO(DSHOW): backend is generally available but can't be used to capture by index
[ WARN:1@430.065] global cap.cpp:477 cv::VideoCapture::open VIDEOIO(DSHOW): backend is generally available but can't be used to capture by index
[ERROR:1@430.139] global obsensor_uvc_stream_channel.cpp:163 cv::obsensor::getStreamChannelGroup Camera index out of range
[ERROR:1@430.206] global obsensor_uvc_stream_channel.cpp:163 cv::obsensor::getStreamChannelGroup Camera index out of range
2026-09-17 23:05:09,659 INFO mongdee.core.performance: [PERF] CAM-1: reducing AI inference rate (every 4 -> 5 frames)
[ERROR:1@430.275] global obsensor_uvc_stream_channel.cpp:163 cv::obsensor::getStreamChannelGroup Camera index out of range
[ERROR:1@430.347] global obsensor_uvc_stream_channel.cpp:163 cv::obsensor::getStreamChannelGroup Camera index out of range
[ERROR:1@430.419] global obsensor_uvc_stream_channel.cpp:163 cv::obsensor::getStreamChannelGroup Camera index out of range
2026-09-17 23:05:09,827 WARNING mongdee.core.vision: [discover:7] index=7 state=OPEN_FAILED (tried 10 backend/format combinations, none produced a frame)
[ WARN:1@430.778] global cap.cpp:477 cv::VideoCapture::open VIDEOIO(DSHOW): backend is generally available but can't be used to capture by index
[ WARN:1@430.782] global cap.cpp:477 cv::VideoCapture::open VIDEOIO(DSHOW): backend is generally available but can't be used to capture by index
[ WARN:1@430.786] global cap.cpp:477 cv::VideoCapture::open VIDEOIO(DSHOW): backend is generally available but can't be used to capture by index
[ WARN:1@430.791] global cap.cpp:477 cv::VideoCapture::open VIDEOIO(DSHOW): backend is generally available but can't be used to capture by index
[ WARN:1@430.794] global cap.cpp:477 cv::VideoCapture::open VIDEOIO(DSHOW): backend is generally available but can't be used to capture by index
[ERROR:1@430.861] global obsensor_uvc_stream_channel.cpp:163 cv::obsensor::getStreamChannelGroup Camera index out of range
[ERROR:1@430.938] global obsensor_uvc_stream_channel.cpp:163 cv::obsensor::getStreamChannelGroup Camera index out of range
[ERROR:1@431.007] global obsensor_uvc_stream_channel.cpp:163 cv::obsensor::getStreamChannelGroup Camera index out of range
[ERROR:1@431.077] global obsensor_uvc_stream_channel.cpp:163 cv::obsensor::getStreamChannelGroup Camera index out of range
[ERROR:1@431.147] global obsensor_uvc_stream_channel.cpp:163 cv::obsensor::getStreamChannelGroup Camera index out of range
2026-09-17 23:05:10,554 WARNING mongdee.core.vision: [discover:8] index=8 state=OPEN_FAILED (tried 10 backend/format combinations, none produced a frame)
[ WARN:1@431.494] global cap.cpp:477 cv::VideoCapture::open VIDEOIO(DSHOW): backend is generally available but can't be used to capture by index
[ WARN:1@431.498] global cap.cpp:477 cv::VideoCapture::open VIDEOIO(DSHOW): backend is generally available but can't be used to capture by index
[ WARN:1@431.501] global cap.cpp:477 cv::VideoCapture::open VIDEOIO(DSHOW): backend is generally available but can't be used to capture by index
[ WARN:1@431.505] global cap.cpp:477 cv::VideoCapture::open VIDEOIO(DSHOW): backend is generally available but can't be used to capture by index
[ WARN:1@431.509] global cap.cpp:477 cv::VideoCapture::open VIDEOIO(DSHOW): backend is generally available but can't be used to capture by index
[ERROR:1@431.566] global obsensor_uvc_stream_channel.cpp:163 cv::obsensor::getStreamChannelGroup Camera index out of range
[ERROR:1@431.643] global obsensor_uvc_stream_channel.cpp:163 cv::obsensor::getStreamChannelGroup Camera index out of range
[ERROR:1@431.674] global obsensor_uvc_stream_channel.cpp:163 cv::obsensor::getStreamChannelGroup Camera index out of range
[ERROR:1@431.840] global obsensor_uvc_stream_channel.cpp:163 cv::obsensor::getStreamChannelGroup Camera index out of range
[ERROR:1@431.912] global obsensor_uvc_stream_channel.cpp:163 cv::obsensor::getStreamChannelGroup Camera index out of range
2026-09-17 23:05:11,319 WARNING mongdee.core.vision: [discover:9] index=9 state=OPEN_FAILED (tried 10 backend/format combinations, none produced a frame)
[ WARN:1@432.239] global cap.cpp:477 cv::VideoCapture::open VIDEOIO(DSHOW): backend is generally available but can't be used to capture by index
[ WARN:1@432.242] global cap.cpp:477 cv::VideoCapture::open VIDEOIO(DSHOW): backend is generally available but can't be used to capture by index
[ WARN:1@432.246] global cap.cpp:477 cv::VideoCapture::open VIDEOIO(DSHOW): backend is generally available but can't be used to capture by index
[ WARN:1@432.250] global cap.cpp:477 cv::VideoCapture::open VIDEOIO(DSHOW): backend is generally available but can't be used to capture by index
[ WARN:1@432.253] global cap.cpp:477 cv::VideoCapture::open VIDEOIO(DSHOW): backend is generally available but can't be used to capture by index
2026-09-17 23:05:11,665 INFO mongdee.core.performance: [PERF] CAM-1: reducing AI inference rate (every 5 -> 6 frames)
[ERROR:1@432.320] global obsensor_uvc_stream_channel.cpp:163 cv::obsensor::getStreamChannelGroup Camera index out of range
[ERROR:1@432.625] global obsensor_uvc_stream_channel.cpp:163 cv::obsensor::getStreamChannelGroup Camera index out of range
[ERROR:1@432.700] global obsensor_uvc_stream_channel.cpp:163 cv::obsensor::getStreamChannelGroup Camera index out of range
[ERROR:1@432.772] global obsensor_uvc_stream_channel.cpp:163 cv::obsensor::getStreamChannelGroup Camera index out of range
[ERROR:1@432.838] global obsensor_uvc_stream_channel.cpp:163 cv::obsensor::getStreamChannelGroup Camera index out of range
2026-09-17 23:05:12,246 WARNING mongdee.core.vision: [discover:10] index=10 state=OPEN_FAILED (tried 10 backend/format combinations, none produced a frame)
[ WARN:1@433.187] global cap.cpp:477 cv::VideoCapture::open VIDEOIO(DSHOW): backend is generally available but can't be used to capture by index
[ WARN:1@433.189] global cap.cpp:477 cv::VideoCapture::open VIDEOIO(DSHOW): backend is generally available but can't be used to capture by index
[ WARN:1@433.191] global cap.cpp:477 cv::VideoCapture::open VIDEOIO(DSHOW): backend is generally available but can't be used to capture by index
[ WARN:1@433.194] global cap.cpp:477 cv::VideoCapture::open VIDEOIO(DSHOW): backend is generally available but can't be used to capture by index
[ WARN:1@433.197] global cap.cpp:477 cv::VideoCapture::open VIDEOIO(DSHOW): backend is generally available but can't be used to capture by index
[ERROR:1@433.513] global obsensor_uvc_stream_channel.cpp:163 cv::obsensor::getStreamChannelGroup Camera index out of range
[ERROR:1@433.579] global obsensor_uvc_stream_channel.cpp:163 cv::obsensor::getStreamChannelGroup Camera index out of range
[ERROR:1@433.644] global obsensor_uvc_stream_channel.cpp:163 cv::obsensor::getStreamChannelGroup Camera index out of range
[ERROR:1@433.711] global obsensor_uvc_stream_channel.cpp:163 cv::obsensor::getStreamChannelGroup Camera index out of range
[ERROR:1@433.784] global obsensor_uvc_stream_channel.cpp:163 cv::obsensor::getStreamChannelGroup Camera index out of range
2026-09-17 23:05:13,191 WARNING mongdee.core.vision: [discover:11] index=11 state=OPEN_FAILED (tried 10 backend/format combinations, none produced a frame)
[ WARN:1@434.110] global cap.cpp:477 cv::VideoCapture::open VIDEOIO(DSHOW): backend is generally available but can't be used to capture by index
[ WARN:1@434.112] global cap.cpp:477 cv::VideoCapture::open VIDEOIO(DSHOW): backend is generally available but can't be used to capture by index
[ WARN:1@434.114] global cap.cpp:477 cv::VideoCapture::open VIDEOIO(DSHOW): backend is generally available but can't be used to capture by index
[ WARN:1@434.116] global cap.cpp:477 cv::VideoCapture::open VIDEOIO(DSHOW): backend is generally available but can't be used to capture by index
[ WARN:1@434.118] global cap.cpp:477 cv::VideoCapture::open VIDEOIO(DSHOW): backend is generally available but can't be used to capture by index
2026-09-17 23:05:13,668 INFO mongdee.core.performance: [PERF] CAM-1: restoring AI inference rate (every 6 -> 5 frames)
[ERROR:1@434.536] global obsensor_uvc_stream_channel.cpp:163 cv::obsensor::getStreamChannelGroup Camera index out of range
[ERROR:1@434.596] global obsensor_uvc_stream_channel.cpp:163 cv::obsensor::getStreamChannelGroup Camera index out of range
[ERROR:1@434.660] global obsensor_uvc_stream_channel.cpp:163 cv::obsensor::getStreamChannelGroup Camera index out of range
[ERROR:1@434.723] global obsensor_uvc_stream_channel.cpp:163 cv::obsensor::getStreamChannelGroup Camera index out of range
[ERROR:1@434.794] global obsensor_uvc_stream_channel.cpp:163 cv::obsensor::getStreamChannelGroup Camera index out of range
2026-09-17 23:05:14,201 WARNING mongdee.core.vision: [discover:12] index=12 state=OPEN_FAILED (tried 10 backend/format combinations, none produced a frame)
[ WARN:1@435.141] global cap.cpp:477 cv::VideoCapture::open VIDEOIO(DSHOW): backend is generally available but can't be used to capture by index
[ WARN:1@435.146] global cap.cpp:477 cv::VideoCapture::open VIDEOIO(DSHOW): backend is generally available but can't be used to capture by index
[ WARN:1@435.151] global cap.cpp:477 cv::VideoCapture::open VIDEOIO(DSHOW): backend is generally available but can't be used to capture by index
[ WARN:1@435.156] global cap.cpp:477 cv::VideoCapture::open VIDEOIO(DSHOW): backend is generally available but can't be used to capture by index
[ WARN:1@435.161] global cap.cpp:477 cv::VideoCapture::open VIDEOIO(DSHOW): backend is generally available but can't be used to capture by index
[ERROR:1@435.229] global obsensor_uvc_stream_channel.cpp:163 cv::obsensor::getStreamChannelGroup Camera index out of range
[ERROR:1@435.300] global obsensor_uvc_stream_channel.cpp:163 cv::obsensor::getStreamChannelGroup Camera index out of range
[ERROR:1@435.374] global obsensor_uvc_stream_channel.cpp:163 cv::obsensor::getStreamChannelGroup Camera index out of range
[ERROR:1@435.452] global obsensor_uvc_stream_channel.cpp:163 cv::obsensor::getStreamChannelGroup Camera index out of range
[ERROR:1@435.523] global obsensor_uvc_stream_channel.cpp:163 cv::obsensor::getStreamChannelGroup Camera index out of range
2026-09-17 23:05:14,930 WARNING mongdee.core.vision: [discover:13] index=13 state=OPEN_FAILED (tried 10 backend/format combinations, none produced a frame)
[ WARN:1@435.905] global cap.cpp:477 cv::VideoCapture::open VIDEOIO(DSHOW): backend is generally available but can't be used to capture by index
[ WARN:1@435.909] global cap.cpp:477 cv::VideoCapture::open VIDEOIO(DSHOW): backend is generally available but can't be used to capture by index
[ WARN:1@435.914] global cap.cpp:477 cv::VideoCapture::open VIDEOIO(DSHOW): backend is generally available but can't be used to capture by index
[ WARN:1@435.918] global cap.cpp:477 cv::VideoCapture::open VIDEOIO(DSHOW): backend is generally available but can't be used to capture by index
[ WARN:1@435.922] global cap.cpp:477 cv::VideoCapture::open VIDEOIO(DSHOW): backend is generally available but can't be used to capture by index
[ERROR:1@435.994] global obsensor_uvc_stream_channel.cpp:163 cv::obsensor::getStreamChannelGroup Camera index out of range
[ERROR:1@436.061] global obsensor_uvc_stream_channel.cpp:163 cv::obsensor::getStreamChannelGroup Camera index out of range
[ERROR:1@436.127] global obsensor_uvc_stream_channel.cpp:163 cv::obsensor::getStreamChannelGroup Camera index out of range
[ERROR:1@436.196] global obsensor_uvc_stream_channel.cpp:163 cv::obsensor::getStreamChannelGroup Camera index out of range
2026-09-17 23:05:15,675 INFO mongdee.core.performance: [PERF] CAM-1: reducing AI inference rate (every 5 -> 6 frames)
[ERROR:1@436.272] global obsensor_uvc_stream_channel.cpp:163 cv::obsensor::getStreamChannelGroup Camera index out of range
2026-09-17 23:05:15,679 WARNING mongdee.core.vision: [discover:14] index=14 state=OPEN_FAILED (tried 10 backend/format combinations, none produced a frame)
[ WARN:1@436.625] global cap.cpp:477 cv::VideoCapture::open VIDEOIO(DSHOW): backend is generally available but can't be used to capture by index
[ WARN:1@436.627] global cap.cpp:477 cv::VideoCapture::open VIDEOIO(DSHOW): backend is generally available but can't be used to capture by index
[ WARN:1@436.630] global cap.cpp:477 cv::VideoCapture::open VIDEOIO(DSHOW): backend is generally available but can't be used to capture by index
[ WARN:1@436.632] global cap.cpp:477 cv::VideoCapture::open VIDEOIO(DSHOW): backend is generally available but can't be used to capture by index
[ WARN:1@436.635] global cap.cpp:477 cv::VideoCapture::open VIDEOIO(DSHOW): backend is generally available but can't be used to capture by index
[ERROR:1@436.674] global obsensor_uvc_stream_channel.cpp:163 cv::obsensor::getStreamChannelGroup Camera index out of range
[ERROR:1@436.706] global obsensor_uvc_stream_channel.cpp:163 cv::obsensor::getStreamChannelGroup Camera index out of range
[ERROR:1@437.411] global obsensor_uvc_stream_channel.cpp:163 cv::obsensor::getStreamChannelGroup Camera index out of range
[ERROR:1@437.470] global obsensor_uvc_stream_channel.cpp:163 cv::obsensor::getStreamChannelGroup Camera index out of range
[ERROR:1@437.533] global obsensor_uvc_stream_channel.cpp:163 cv::obsensor::getStreamChannelGroup Camera index out of range
2026-09-17 23:05:16,940 WARNING mongdee.core.vision: [discover:15] index=15 state=OPEN_FAILED (tried 10 backend/format combinations, none produced a frame)
2026-09-17 23:05:17,684 INFO mongdee.core.performance: [PERF] CAM-1: restoring AI inference rate (every 6 -> 5 frames)
2026-09-17 23:05:19,692 INFO mongdee.core.performance: [PERF] CAM-1: restoring AI inference rate (every 5 -> 4 frames)
2026-09-17 23:05:21,701 INFO mongdee.core.performance: [PERF] CAM-1: reducing AI inference rate (every 4 -> 5 frames)
2026-09-17 23:05:23,704 INFO mongdee.core.performance: [PERF] CAM-1: restoring AI inference rate (every 5 -> 4 frames)
2026-09-17 23:05:25,713 INFO mongdee.core.performance: [PERF] CAM-1: reducing AI inference rate (every 4 -> 5 frames)
2026-09-17 23:05:27,721 INFO mongdee.core.performance: [PERF] CAM-1: restoring AI inference rate (every 5 -> 4 frames)
2026-09-17 23:05:29,727 INFO mongdee.core.performance: [PERF] CAM-1: reducing AI inference rate (every 4 -> 5 frames)
2026-09-17 23:05:31,735 INFO mongdee.core.performance: [PERF] CAM-1: reducing AI inference rate (every 5 -> 6 frames)
2026-09-17 23:05:33,744 INFO mongdee.core.performance: [PERF] CAM-1: reducing AI inference rate (every 6 -> 7 frames)
2026-09-17 23:05:35,751 INFO mongdee.core.performance: [PERF] CAM-1: reducing AI inference rate (every 7 -> 8 frames)
2026-09-17 23:05:37,754 INFO mongdee.core.performance: [PERF] CAM-1: reducing AI input resolution (640px -> 480px)
2026-09-17 23:05:39,761 INFO mongdee.core.performance: [PERF] CAM-1: reducing AI input resolution (480px -> 320px)
2026-09-17 23:05:45,774 INFO mongdee.core.performance: [PERF] CAM-1: restoring AI input resolution (320px -> 480px)
2026-09-17 23:05:47,781 INFO mongdee.core.performance: [PERF] CAM-1: restoring AI input resolution (480px -> 640px)
2026-09-17 23:05:49,787 INFO mongdee.core.performance: [PERF] CAM-1: restoring AI inference rate (every 8 -> 7 frames)
2026-09-17 23:05:51,790 INFO mongdee.core.performance: [PERF] CAM-1: restoring AI inference rate (every 7 -> 6 frames)
2026-09-17 23:05:53,797 INFO mongdee.core.performance: [PERF] CAM-1: restoring AI inference rate (every 6 -> 5 frames)
2026-09-17 23:05:55,801 INFO mongdee.core.performance: [PERF] CAM-1: restoring AI inference rate (every 5 -> 4 frames)
2026-09-17 23:05:57,809 INFO mongdee.core.performance: [PERF] CAM-1: restoring AI inference rate (every 4 -> 3 frames)
2026-09-17 23:05:59,817 INFO mongdee.core.performance: [PERF] CAM-1: reducing AI inference rate (every 3 -> 4 frames)
2026-09-17 23:06:01,819 INFO mongdee.core.performance: [PERF] CAM-1: reducing AI inference rate (every 4 -> 5 frames)
2026-09-17 23:06:03,822 INFO mongdee.core.performance: [PERF] CAM-1: restoring AI inference rate (every 5 -> 4 frames)
2026-09-17 23:06:06,260 INFO mongdee.core.performance: [PERF] CAM-1: restoring AI inference rate (every 4 -> 3 frames)
2026-09-17 23:06:09,068 INFO mongdee.core.performance: [PERF] CAM-1: reducing AI inference rate (every 3 -> 4 frames)
2026-09-17 23:06:11,076 INFO mongdee.core.performance: [PERF] CAM-1: reducing AI inference rate (every 4 -> 5 frames)
2026-09-17 23:06:13,083 INFO mongdee.core.performance: [PERF] CAM-1: reducing AI inference rate (every 5 -> 6 frames)
2026-09-17 23:06:15,092 INFO mongdee.core.performance: [PERF] CAM-1: restoring AI inference rate (every 6 -> 5 frames)
2026-09-17 23:06:17,100 INFO mongdee.core.performance: [PERF] CAM-1: reducing AI inference rate (every 5 -> 6 frames)
[ WARN:1@498.252] global cap.cpp:477 cv::VideoCapture::open VIDEOIO(DSHOW): backend is generally available but can't be used to capture by index
[ WARN:1@498.257] global cap.cpp:477 cv::VideoCapture::open VIDEOIO(DSHOW): backend is generally available but can't be used to capture by index
[ WARN:1@498.262] global cap.cpp:477 cv::VideoCapture::open VIDEOIO(DSHOW): backend is generally available but can't be used to capture by index
[ WARN:1@498.266] global cap.cpp:477 cv::VideoCapture::open VIDEOIO(DSHOW): backend is generally available but can't be used to capture by index
[ WARN:1@498.272] global cap.cpp:477 cv::VideoCapture::open VIDEOIO(DSHOW): backend is generally available but can't be used to capture by index
[ERROR:1@498.372] global obsensor_uvc_stream_channel.cpp:163 cv::obsensor::getStreamChannelGroup Camera index out of range
[ERROR:1@498.442] global obsensor_uvc_stream_channel.cpp:163 cv::obsensor::getStreamChannelGroup Camera index out of range
[ERROR:1@498.517] global obsensor_uvc_stream_channel.cpp:163 cv::obsensor::getStreamChannelGroup Camera index out of range
[ERROR:1@498.581] global obsensor_uvc_stream_channel.cpp:163 cv::obsensor::getStreamChannelGroup Camera index out of range
[ERROR:1@498.649] global obsensor_uvc_stream_channel.cpp:163 cv::obsensor::getStreamChannelGroup Camera index out of range
2026-09-17 23:06:18,056 WARNING mongdee.core.vision: [discover:3] index=3 state=OPEN_FAILED (tried 10 backend/format combinations, none produced a frame)
[ WARN:1@499.049] global cap.cpp:477 cv::VideoCapture::open VIDEOIO(DSHOW): backend is generally available but can't be used to capture by index
[ WARN:1@499.053] global cap.cpp:477 cv::VideoCapture::open VIDEOIO(DSHOW): backend is generally available but can't be used to capture by index
[ WARN:1@499.057] global cap.cpp:477 cv::VideoCapture::open VIDEOIO(DSHOW): backend is generally available but can't be used to capture by index
[ WARN:1@499.061] global cap.cpp:477 cv::VideoCapture::open VIDEOIO(DSHOW): backend is generally available but can't be used to capture by index
[ WARN:1@499.065] global cap.cpp:477 cv::VideoCapture::open VIDEOIO(DSHOW): backend is generally available but can't be used to capture by index
[ERROR:1@499.129] global obsensor_uvc_stream_channel.cpp:163 cv::obsensor::getStreamChannelGroup Camera index out of range
[ERROR:1@499.193] global obsensor_uvc_stream_channel.cpp:163 cv::obsensor::getStreamChannelGroup Camera index out of range
[ERROR:1@499.249] global obsensor_uvc_stream_channel.cpp:163 cv::obsensor::getStreamChannelGroup Camera index out of range
[ERROR:1@499.315] global obsensor_uvc_stream_channel.cpp:163 cv::obsensor::getStreamChannelGroup Camera index out of range
[ERROR:1@499.364] global obsensor_uvc_stream_channel.cpp:163 cv::obsensor::getStreamChannelGroup Camera index out of range
2026-09-17 23:06:18,771 WARNING mongdee.core.vision: [discover:4] index=4 state=OPEN_FAILED (tried 10 backend/format combinations, none produced a frame)
[ WARN:1@499.517] global cap.cpp:477 cv::VideoCapture::open VIDEOIO(DSHOW): backend is generally available but can't be used to capture by index
[ WARN:1@499.519] global cap.cpp:477 cv::VideoCapture::open VIDEOIO(DSHOW): backend is generally available but can't be used to capture by index
[ WARN:1@499.523] global cap.cpp:477 cv::VideoCapture::open VIDEOIO(DSHOW): backend is generally available but can't be used to capture by index
[ WARN:1@499.526] global cap.cpp:477 cv::VideoCapture::open VIDEOIO(DSHOW): backend is generally available but can't be used to capture by index
[ WARN:1@499.528] global cap.cpp:477 cv::VideoCapture::open VIDEOIO(DSHOW): backend is generally available but can't be used to capture by index
[ERROR:1@499.571] global obsensor_uvc_stream_channel.cpp:163 cv::obsensor::getStreamChannelGroup Camera index out of range
[ERROR:1@499.612] global obsensor_uvc_stream_channel.cpp:163 cv::obsensor::getStreamChannelGroup Camera index out of range
[ERROR:1@499.655] global obsensor_uvc_stream_channel.cpp:163 cv::obsensor::getStreamChannelGroup Camera index out of range
[ERROR:1@499.707] global obsensor_uvc_stream_channel.cpp:163 cv::obsensor::getStreamChannelGroup Camera index out of range
2026-09-17 23:06:19,120 INFO mongdee.core.performance: [PERF] CAM-1: reducing AI inference rate (every 6 -> 7 frames)
[ERROR:1@499.806] global obsensor_uvc_stream_channel.cpp:163 cv::obsensor::getStreamChannelGroup Camera index out of range
2026-09-17 23:06:19,213 WARNING mongdee.core.vision: [discover:5] index=5 state=OPEN_FAILED (tried 10 backend/format combinations, none produced a frame)
[ WARN:1@500.184] global cap.cpp:477 cv::VideoCapture::open VIDEOIO(DSHOW): backend is generally available but can't be used to capture by index
[ WARN:1@500.188] global cap.cpp:477 cv::VideoCapture::open VIDEOIO(DSHOW): backend is generally available but can't be used to capture by index
[ WARN:1@500.193] global cap.cpp:477 cv::VideoCapture::open VIDEOIO(DSHOW): backend is generally available but can't be used to capture by index
[ WARN:1@500.197] global cap.cpp:477 cv::VideoCapture::open VIDEOIO(DSHOW): backend is generally available but can't be used to capture by index
[ WARN:1@500.201] global cap.cpp:477 cv::VideoCapture::open VIDEOIO(DSHOW): backend is generally available but can't be used to capture by index
[ERROR:1@500.266] global obsensor_uvc_stream_channel.cpp:163 cv::obsensor::getStreamChannelGroup Camera index out of range
[ERROR:1@500.310] global obsensor_uvc_stream_channel.cpp:163 cv::obsensor::getStreamChannelGroup Camera index out of range
[ERROR:1@500.362] global obsensor_uvc_stream_channel.cpp:163 cv::obsensor::getStreamChannelGroup Camera index out of range
[ERROR:1@500.403] global obsensor_uvc_stream_channel.cpp:163 cv::obsensor::getStreamChannelGroup Camera index out of range
[ERROR:1@500.442] global obsensor_uvc_stream_channel.cpp:163 cv::obsensor::getStreamChannelGroup Camera index out of range
2026-09-17 23:06:19,849 WARNING mongdee.core.vision: [discover:6] index=6 state=OPEN_FAILED (tried 10 backend/format combinations, none produced a frame)
[ WARN:1@500.589] global cap.cpp:477 cv::VideoCapture::open VIDEOIO(DSHOW): backend is generally available but can't be used to capture by index
[ WARN:1@500.593] global cap.cpp:477 cv::VideoCapture::open VIDEOIO(DSHOW): backend is generally available but can't be used to capture by index
[ WARN:1@500.597] global cap.cpp:477 cv::VideoCapture::open VIDEOIO(DSHOW): backend is generally available but can't be used to capture by index
[ WARN:1@500.602] global cap.cpp:477 cv::VideoCapture::open VIDEOIO(DSHOW): backend is generally available but can't be used to capture by index
[ WARN:1@500.608] global cap.cpp:477 cv::VideoCapture::open VIDEOIO(DSHOW): backend is generally available but can't be used to capture by index
[ERROR:1@500.688] global obsensor_uvc_stream_channel.cpp:163 cv::obsensor::getStreamChannelGroup Camera index out of range
[ERROR:1@500.770] global obsensor_uvc_stream_channel.cpp:163 cv::obsensor::getStreamChannelGroup Camera index out of range
[ERROR:1@500.851] global obsensor_uvc_stream_channel.cpp:163 cv::obsensor::getStreamChannelGroup Camera index out of range
[ERROR:1@500.932] global obsensor_uvc_stream_channel.cpp:163 cv::obsensor::getStreamChannelGroup Camera index out of range
[ERROR:1@501.021] global obsensor_uvc_stream_channel.cpp:163 cv::obsensor::getStreamChannelGroup Camera index out of range
2026-09-17 23:06:20,428 WARNING mongdee.core.vision: [discover:7] index=7 state=OPEN_FAILED (tried 10 backend/format combinations, none produced a frame)
[ WARN:1@501.403] global cap.cpp:477 cv::VideoCapture::open VIDEOIO(DSHOW): backend is generally available but can't be used to capture by index
[ WARN:1@501.407] global cap.cpp:477 cv::VideoCapture::open VIDEOIO(DSHOW): backend is generally available but can't be used to capture by index
[ WARN:1@501.412] global cap.cpp:477 cv::VideoCapture::open VIDEOIO(DSHOW): backend is generally available but can't be used to capture by index
[ WARN:1@501.416] global cap.cpp:477 cv::VideoCapture::open VIDEOIO(DSHOW): backend is generally available but can't be used to capture by index
[ WARN:1@501.420] global cap.cpp:477 cv::VideoCapture::open VIDEOIO(DSHOW): backend is generally available but can't be used to capture by index
[ERROR:1@501.496] global obsensor_uvc_stream_channel.cpp:163 cv::obsensor::getStreamChannelGroup Camera index out of range
[ERROR:1@501.569] global obsensor_uvc_stream_channel.cpp:163 cv::obsensor::getStreamChannelGroup Camera index out of range
[ERROR:1@501.640] global obsensor_uvc_stream_channel.cpp:163 cv::obsensor::getStreamChannelGroup Camera index out of range
[ERROR:1@501.714] global obsensor_uvc_stream_channel.cpp:163 cv::obsensor::getStreamChannelGroup Camera index out of range
2026-09-17 23:06:21,128 INFO mongdee.core.performance: [PERF] CAM-1: reducing AI inference rate (every 7 -> 8 frames)
[ERROR:1@501.785] global obsensor_uvc_stream_channel.cpp:163 cv::obsensor::getStreamChannelGroup Camera index out of range
2026-09-17 23:06:21,192 WARNING mongdee.core.vision: [discover:8] index=8 state=OPEN_FAILED (tried 10 backend/format combinations, none produced a frame)
[ WARN:1@502.171] global cap.cpp:477 cv::VideoCapture::open VIDEOIO(DSHOW): backend is generally available but can't be used to capture by index
[ WARN:1@502.175] global cap.cpp:477 cv::VideoCapture::open VIDEOIO(DSHOW): backend is generally available but can't be used to capture by index
[ WARN:1@502.178] global cap.cpp:477 cv::VideoCapture::open VIDEOIO(DSHOW): backend is generally available but can't be used to capture by index
[ WARN:1@502.182] global cap.cpp:477 cv::VideoCapture::open VIDEOIO(DSHOW): backend is generally available but can't be used to capture by index
[ WARN:1@502.185] global cap.cpp:477 cv::VideoCapture::open VIDEOIO(DSHOW): backend is generally available but can't be used to capture by index
[ERROR:1@502.234] global obsensor_uvc_stream_channel.cpp:163 cv::obsensor::getStreamChannelGroup Camera index out of range
[ERROR:1@502.273] global obsensor_uvc_stream_channel.cpp:163 cv::obsensor::getStreamChannelGroup Camera index out of range
[ERROR:1@502.307] global obsensor_uvc_stream_channel.cpp:163 cv::obsensor::getStreamChannelGroup Camera index out of range
[ERROR:1@502.339] global obsensor_uvc_stream_channel.cpp:163 cv::obsensor::getStreamChannelGroup Camera index out of range
[ERROR:1@502.371] global obsensor_uvc_stream_channel.cpp:163 cv::obsensor::getStreamChannelGroup Camera index out of range
2026-09-17 23:06:21,778 WARNING mongdee.core.vision: [discover:9] index=9 state=OPEN_FAILED (tried 10 backend/format combinations, none produced a frame)
[ WARN:1@502.595] global cap.cpp:477 cv::VideoCapture::open VIDEOIO(DSHOW): backend is generally available but can't be used to capture by index
[ WARN:1@502.599] global cap.cpp:477 cv::VideoCapture::open VIDEOIO(DSHOW): backend is generally available but can't be used to capture by index
[ WARN:1@502.603] global cap.cpp:477 cv::VideoCapture::open VIDEOIO(DSHOW): backend is generally available but can't be used to capture by index
[ WARN:1@502.607] global cap.cpp:477 cv::VideoCapture::open VIDEOIO(DSHOW): backend is generally available but can't be used to capture by index
[ WARN:1@502.611] global cap.cpp:477 cv::VideoCapture::open VIDEOIO(DSHOW): backend is generally available but can't be used to capture by index
[ERROR:1@502.673] global obsensor_uvc_stream_channel.cpp:163 cv::obsensor::getStreamChannelGroup Camera index out of range
[ERROR:1@502.742] global obsensor_uvc_stream_channel.cpp:163 cv::obsensor::getStreamChannelGroup Camera index out of range
[ERROR:1@502.814] global obsensor_uvc_stream_channel.cpp:163 cv::obsensor::getStreamChannelGroup Camera index out of range
[ERROR:1@502.888] global obsensor_uvc_stream_channel.cpp:163 cv::obsensor::getStreamChannelGroup Camera index out of range
[ERROR:1@502.961] global obsensor_uvc_stream_channel.cpp:163 cv::obsensor::getStreamChannelGroup Camera index out of range
2026-09-17 23:06:22,368 WARNING mongdee.core.vision: [discover:10] index=10 state=OPEN_FAILED (tried 10 backend/format combinations, none produced a frame)
[ WARN:1@503.339] global cap.cpp:477 cv::VideoCapture::open VIDEOIO(DSHOW): backend is generally available but can't be used to capture by index
[ WARN:1@503.344] global cap.cpp:477 cv::VideoCapture::open VIDEOIO(DSHOW): backend is generally available but can't be used to capture by index
[ WARN:1@503.349] global cap.cpp:477 cv::VideoCapture::open VIDEOIO(DSHOW): backend is generally available but can't be used to capture by index
[ WARN:1@503.354] global cap.cpp:477 cv::VideoCapture::open VIDEOIO(DSHOW): backend is generally available but can't be used to capture by index
[ WARN:1@503.358] global cap.cpp:477 cv::VideoCapture::open VIDEOIO(DSHOW): backend is generally available but can't be used to capture by index
[ERROR:1@503.430] global obsensor_uvc_stream_channel.cpp:163 cv::obsensor::getStreamChannelGroup Camera index out of range
[ERROR:1@503.502] global obsensor_uvc_stream_channel.cpp:163 cv::obsensor::getStreamChannelGroup Camera index out of range
[ERROR:1@503.570] global obsensor_uvc_stream_channel.cpp:163 cv::obsensor::getStreamChannelGroup Camera index out of range
[ERROR:1@503.642] global obsensor_uvc_stream_channel.cpp:163 cv::obsensor::getStreamChannelGroup Camera index out of range
[ERROR:1@503.724] global obsensor_uvc_stream_channel.cpp:163 cv::obsensor::getStreamChannelGroup Camera index out of range
2026-09-17 23:06:23,137 WARNING mongdee.core.vision: [discover:11] index=11 state=OPEN_FAILED (tried 10 backend/format combinations, none produced a frame)
2026-09-17 23:06:23,139 INFO mongdee.core.performance: [PERF] CAM-1: reducing AI input resolution (640px -> 480px)
[ WARN:1@504.078] global cap.cpp:477 cv::VideoCapture::open VIDEOIO(DSHOW): backend is generally available but can't be used to capture by index
[ WARN:1@504.083] global cap.cpp:477 cv::VideoCapture::open VIDEOIO(DSHOW): backend is generally available but can't be used to capture by index
[ WARN:1@504.087] global cap.cpp:477 cv::VideoCapture::open VIDEOIO(DSHOW): backend is generally available but can't be used to capture by index
[ WARN:1@504.092] global cap.cpp:477 cv::VideoCapture::open VIDEOIO(DSHOW): backend is generally available but can't be used to capture by index
[ WARN:1@504.096] global cap.cpp:477 cv::VideoCapture::open VIDEOIO(DSHOW): backend is generally available but can't be used to capture by index
[ERROR:1@504.164] global obsensor_uvc_stream_channel.cpp:163 cv::obsensor::getStreamChannelGroup Camera index out of range
[ERROR:1@504.211] global obsensor_uvc_stream_channel.cpp:163 cv::obsensor::getStreamChannelGroup Camera index out of range
[ERROR:1@504.246] global obsensor_uvc_stream_channel.cpp:163 cv::obsensor::getStreamChannelGroup Camera index out of range
[ERROR:1@504.277] global obsensor_uvc_stream_channel.cpp:163 cv::obsensor::getStreamChannelGroup Camera index out of range
[ERROR:1@504.308] global obsensor_uvc_stream_channel.cpp:163 cv::obsensor::getStreamChannelGroup Camera index out of range
2026-09-17 23:06:23,715 WARNING mongdee.core.vision: [discover:12] index=12 state=OPEN_FAILED (tried 10 backend/format combinations, none produced a frame)
[ WARN:1@504.394] global cap.cpp:477 cv::VideoCapture::open VIDEOIO(DSHOW): backend is generally available but can't be used to capture by index
[ WARN:1@504.397] global cap.cpp:477 cv::VideoCapture::open VIDEOIO(DSHOW): backend is generally available but can't be used to capture by index
[ WARN:1@504.399] global cap.cpp:477 cv::VideoCapture::open VIDEOIO(DSHOW): backend is generally available but can't be used to capture by index
[ WARN:1@504.402] global cap.cpp:477 cv::VideoCapture::open VIDEOIO(DSHOW): backend is generally available but can't be used to capture by index
[ WARN:1@504.404] global cap.cpp:477 cv::VideoCapture::open VIDEOIO(DSHOW): backend is generally available but can't be used to capture by index
[ERROR:1@504.464] global obsensor_uvc_stream_channel.cpp:163 cv::obsensor::getStreamChannelGroup Camera index out of range
[ERROR:1@504.534] global obsensor_uvc_stream_channel.cpp:163 cv::obsensor::getStreamChannelGroup Camera index out of range
[ERROR:1@504.596] global obsensor_uvc_stream_channel.cpp:163 cv::obsensor::getStreamChannelGroup Camera index out of range
[ERROR:1@504.659] global obsensor_uvc_stream_channel.cpp:163 cv::obsensor::getStreamChannelGroup Camera index out of range
[ERROR:1@504.731] global obsensor_uvc_stream_channel.cpp:163 cv::obsensor::getStreamChannelGroup Camera index out of range
2026-09-17 23:06:24,138 WARNING mongdee.core.vision: [discover:13] index=13 state=OPEN_FAILED (tried 10 backend/format combinations, none produced a frame)
[ WARN:1@505.108] global cap.cpp:477 cv::VideoCapture::open VIDEOIO(DSHOW): backend is generally available but can't be used to capture by index
[ WARN:1@505.113] global cap.cpp:477 cv::VideoCapture::open VIDEOIO(DSHOW): backend is generally available but can't be used to capture by index
[ WARN:1@505.119] global cap.cpp:477 cv::VideoCapture::open VIDEOIO(DSHOW): backend is generally available but can't be used to capture by index
[ WARN:1@505.123] global cap.cpp:477 cv::VideoCapture::open VIDEOIO(DSHOW): backend is generally available but can't be used to capture by index
[ WARN:1@505.128] global cap.cpp:477 cv::VideoCapture::open VIDEOIO(DSHOW): backend is generally available but can't be used to capture by index
[ERROR:1@505.204] global obsensor_uvc_stream_channel.cpp:163 cv::obsensor::getStreamChannelGroup Camera index out of range
[ERROR:1@505.276] global obsensor_uvc_stream_channel.cpp:163 cv::obsensor::getStreamChannelGroup Camera index out of range
[ERROR:1@505.352] global obsensor_uvc_stream_channel.cpp:163 cv::obsensor::getStreamChannelGroup Camera index out of range
[ERROR:1@505.426] global obsensor_uvc_stream_channel.cpp:163 cv::obsensor::getStreamChannelGroup Camera index out of range
[ERROR:1@505.495] global obsensor_uvc_stream_channel.cpp:163 cv::obsensor::getStreamChannelGroup Camera index out of range
2026-09-17 23:06:24,903 WARNING mongdee.core.vision: [discover:14] index=14 state=OPEN_FAILED (tried 10 backend/format combinations, none produced a frame)
2026-09-17 23:06:25,147 INFO mongdee.core.performance: [PERF] CAM-1: reducing AI input resolution (480px -> 320px)
[ WARN:1@505.879] global cap.cpp:477 cv::VideoCapture::open VIDEOIO(DSHOW): backend is generally available but can't be used to capture by index
[ WARN:1@505.884] global cap.cpp:477 cv::VideoCapture::open VIDEOIO(DSHOW): backend is generally available but can't be used to capture by index
[ WARN:1@505.889] global cap.cpp:477 cv::VideoCapture::open VIDEOIO(DSHOW): backend is generally available but can't be used to capture by index
[ WARN:1@505.893] global cap.cpp:477 cv::VideoCapture::open VIDEOIO(DSHOW): backend is generally available but can't be used to capture by index
[ WARN:1@505.898] global cap.cpp:477 cv::VideoCapture::open VIDEOIO(DSHOW): backend is generally available but can't be used to capture by index
[ERROR:1@505.952] global obsensor_uvc_stream_channel.cpp:163 cv::obsensor::getStreamChannelGroup Camera index out of range
[ERROR:1@506.016] global obsensor_uvc_stream_channel.cpp:163 cv::obsensor::getStreamChannelGroup Camera index out of range
[ERROR:1@506.059] global obsensor_uvc_stream_channel.cpp:163 cv::obsensor::getStreamChannelGroup Camera index out of range
[ERROR:1@506.099] global obsensor_uvc_stream_channel.cpp:163 cv::obsensor::getStreamChannelGroup Camera index out of range
[ERROR:1@506.137] global obsensor_uvc_stream_channel.cpp:163 cv::obsensor::getStreamChannelGroup Camera index out of range
2026-09-17 23:06:25,544 WARNING mongdee.core.vision: [discover:15] index=15 state=OPEN_FAILED (tried 10 backend/format combinations, none produced a frame)
[ WARN:1@566.845] global cap.cpp:477 cv::VideoCapture::open VIDEOIO(DSHOW): backend is generally available but can't be used to capture by index
[ WARN:1@566.850] global cap.cpp:477 cv::VideoCapture::open VIDEOIO(DSHOW): backend is generally available but can't be used to capture by index
[ WARN:1@566.854] global cap.cpp:477 cv::VideoCapture::open VIDEOIO(DSHOW): backend is generally available but can't be used to capture by index
[ WARN:1@566.858] global cap.cpp:477 cv::VideoCapture::open VIDEOIO(DSHOW): backend is generally available but can't be used to capture by index
[ WARN:1@566.862] global cap.cpp:477 cv::VideoCapture::open VIDEOIO(DSHOW): backend is generally available but can't be used to capture by index
[ERROR:1@566.930] global obsensor_uvc_stream_channel.cpp:163 cv::obsensor::getStreamChannelGroup Camera index out of range
[ERROR:1@566.994] global obsensor_uvc_stream_channel.cpp:163 cv::obsensor::getStreamChannelGroup Camera index out of range
[ERROR:1@567.059] global obsensor_uvc_stream_channel.cpp:163 cv::obsensor::getStreamChannelGroup Camera index out of range
[ERROR:1@567.132] global obsensor_uvc_stream_channel.cpp:163 cv::obsensor::getStreamChannelGroup Camera index out of range
[ERROR:1@567.193] global obsensor_uvc_stream_channel.cpp:163 cv::obsensor::getStreamChannelGroup Camera index out of range
2026-09-17 23:07:26,600 WARNING mongdee.core.vision: [discover:3] index=3 state=OPEN_FAILED (tried 10 backend/format combinations, none produced a frame)
[ WARN:1@567.530] global cap.cpp:477 cv::VideoCapture::open VIDEOIO(DSHOW): backend is generally available but can't be used to capture by index
[ WARN:1@567.533] global cap.cpp:477 cv::VideoCapture::open VIDEOIO(DSHOW): backend is generally available but can't be used to capture by index
[ WARN:1@567.537] global cap.cpp:477 cv::VideoCapture::open VIDEOIO(DSHOW): backend is generally available but can't be used to capture by index
[ WARN:1@567.541] global cap.cpp:477 cv::VideoCapture::open VIDEOIO(DSHOW): backend is generally available but can't be used to capture by index
[ WARN:1@567.544] global cap.cpp:477 cv::VideoCapture::open VIDEOIO(DSHOW): backend is generally available but can't be used to capture by index
[ERROR:1@567.609] global obsensor_uvc_stream_channel.cpp:163 cv::obsensor::getStreamChannelGroup Camera index out of range
[ERROR:1@567.677] global obsensor_uvc_stream_channel.cpp:163 cv::obsensor::getStreamChannelGroup Camera index out of range
[ERROR:1@567.749] global obsensor_uvc_stream_channel.cpp:163 cv::obsensor::getStreamChannelGroup Camera index out of range
[ERROR:1@567.815] global obsensor_uvc_stream_channel.cpp:163 cv::obsensor::getStreamChannelGroup Camera index out of range
[ERROR:1@567.884] global obsensor_uvc_stream_channel.cpp:163 cv::obsensor::getStreamChannelGroup Camera index out of range
2026-09-17 23:07:27,292 WARNING mongdee.core.vision: [discover:4] index=4 state=OPEN_FAILED (tried 10 backend/format combinations, none produced a frame)
[ WARN:1@568.243] global cap.cpp:477 cv::VideoCapture::open VIDEOIO(DSHOW): backend is generally available but can't be used to capture by index
[ WARN:1@568.507] global cap.cpp:477 cv::VideoCapture::open VIDEOIO(DSHOW): backend is generally available but can't be used to capture by index
[ WARN:1@568.510] global cap.cpp:477 cv::VideoCapture::open VIDEOIO(DSHOW): backend is generally available but can't be used to capture by index
[ WARN:1@568.513] global cap.cpp:477 cv::VideoCapture::open VIDEOIO(DSHOW): backend is generally available but can't be used to capture by index
[ WARN:1@568.516] global cap.cpp:477 cv::VideoCapture::open VIDEOIO(DSHOW): backend is generally available but can't be used to capture by index
[ERROR:1@568.566] global obsensor_uvc_stream_channel.cpp:163 cv::obsensor::getStreamChannelGroup Camera index out of range
[ERROR:1@568.633] global obsensor_uvc_stream_channel.cpp:163 cv::obsensor::getStreamChannelGroup Camera index out of range
[ERROR:1@568.692] global obsensor_uvc_stream_channel.cpp:163 cv::obsensor::getStreamChannelGroup Camera index out of range
[ERROR:1@568.749] global obsensor_uvc_stream_channel.cpp:163 cv::obsensor::getStreamChannelGroup Camera index out of range
[ERROR:1@568.786] global obsensor_uvc_stream_channel.cpp:163 cv::obsensor::getStreamChannelGroup Camera index out of range
2026-09-17 23:07:28,193 WARNING mongdee.core.vision: [discover:5] index=5 state=OPEN_FAILED (tried 10 backend/format combinations, none produced a frame)
[ WARN:1@569.065] global cap.cpp:477 cv::VideoCapture::open VIDEOIO(DSHOW): backend is generally available but can't be used to capture by index
[ WARN:1@569.067] global cap.cpp:477 cv::VideoCapture::open VIDEOIO(DSHOW): backend is generally available but can't be used to capture by index
[ WARN:1@569.068] global cap.cpp:477 cv::VideoCapture::open VIDEOIO(DSHOW): backend is generally available but can't be used to capture by index
[ WARN:1@569.071] global cap.cpp:477 cv::VideoCapture::open VIDEOIO(DSHOW): backend is generally available but can't be used to capture by index
[ WARN:1@569.074] global cap.cpp:477 cv::VideoCapture::open VIDEOIO(DSHOW): backend is generally available but can't be used to capture by index
[ERROR:1@569.131] global obsensor_uvc_stream_channel.cpp:163 cv::obsensor::getStreamChannelGroup Camera index out of range
[ERROR:1@569.193] global obsensor_uvc_stream_channel.cpp:163 cv::obsensor::getStreamChannelGroup Camera index out of range
[ERROR:1@569.261] global obsensor_uvc_stream_channel.cpp:163 cv::obsensor::getStreamChannelGroup Camera index out of range
[ERROR:1@569.325] global obsensor_uvc_stream_channel.cpp:163 cv::obsensor::getStreamChannelGroup Camera index out of range
[ERROR:1@569.385] global obsensor_uvc_stream_channel.cpp:163 cv::obsensor::getStreamChannelGroup Camera index out of range
2026-09-17 23:07:28,792 WARNING mongdee.core.vision: [discover:6] index=6 state=OPEN_FAILED (tried 10 backend/format combinations, none produced a frame)
[ WARN:1@569.723] global cap.cpp:477 cv::VideoCapture::open VIDEOIO(DSHOW): backend is generally available but can't be used to capture by index
[ WARN:1@569.728] global cap.cpp:477 cv::VideoCapture::open VIDEOIO(DSHOW): backend is generally available but can't be used to capture by index
[ WARN:1@569.732] global cap.cpp:477 cv::VideoCapture::open VIDEOIO(DSHOW): backend is generally available but can't be used to capture by index
[ WARN:1@569.737] global cap.cpp:477 cv::VideoCapture::open VIDEOIO(DSHOW): backend is generally available but can't be used to capture by index
[ WARN:1@569.742] global cap.cpp:477 cv::VideoCapture::open VIDEOIO(DSHOW): backend is generally available but can't be used to capture by index
[ERROR:1@569.817] global obsensor_uvc_stream_channel.cpp:163 cv::obsensor::getStreamChannelGroup Camera index out of range
[ERROR:1@569.874] global obsensor_uvc_stream_channel.cpp:163 cv::obsensor::getStreamChannelGroup Camera index out of range
[ERROR:1@569.934] global obsensor_uvc_stream_channel.cpp:163 cv::obsensor::getStreamChannelGroup Camera index out of range
[ERROR:1@569.996] global obsensor_uvc_stream_channel.cpp:163 cv::obsensor::getStreamChannelGroup Camera index out of range
[ERROR:1@570.065] global obsensor_uvc_stream_channel.cpp:163 cv::obsensor::getStreamChannelGroup Camera index out of range
2026-09-17 23:07:29,472 WARNING mongdee.core.vision: [discover:7] index=7 state=OPEN_FAILED (tried 10 backend/format combinations, none produced a frame)
[ WARN:1@570.309] global cap.cpp:477 cv::VideoCapture::open VIDEOIO(DSHOW): backend is generally available but can't be used to capture by index
[ WARN:1@570.311] global cap.cpp:477 cv::VideoCapture::open VIDEOIO(DSHOW): backend is generally available but can't be used to capture by index
[ WARN:1@570.314] global cap.cpp:477 cv::VideoCapture::open VIDEOIO(DSHOW): backend is generally available but can't be used to capture by index
[ WARN:1@570.316] global cap.cpp:477 cv::VideoCapture::open VIDEOIO(DSHOW): backend is generally available but can't be used to capture by index
[ WARN:1@570.318] global cap.cpp:477 cv::VideoCapture::open VIDEOIO(DSHOW): backend is generally available but can't be used to capture by index
[ERROR:1@570.366] global obsensor_uvc_stream_channel.cpp:163 cv::obsensor::getStreamChannelGroup Camera index out of range
[ERROR:1@570.404] global obsensor_uvc_stream_channel.cpp:163 cv::obsensor::getStreamChannelGroup Camera index out of range
[ERROR:1@570.443] global obsensor_uvc_stream_channel.cpp:163 cv::obsensor::getStreamChannelGroup Camera index out of range
[ERROR:1@570.478] global obsensor_uvc_stream_channel.cpp:163 cv::obsensor::getStreamChannelGroup Camera index out of range
[ERROR:1@570.519] global obsensor_uvc_stream_channel.cpp:163 cv::obsensor::getStreamChannelGroup Camera index out of range
2026-09-17 23:07:29,926 WARNING mongdee.core.vision: [discover:8] index=8 state=OPEN_FAILED (tried 10 backend/format combinations, none produced a frame)
[ WARN:1@570.743] global cap.cpp:477 cv::VideoCapture::open VIDEOIO(DSHOW): backend is generally available but can't be used to capture by index
[ WARN:1@570.746] global cap.cpp:477 cv::VideoCapture::open VIDEOIO(DSHOW): backend is generally available but can't be used to capture by index
[ WARN:1@570.750] global cap.cpp:477 cv::VideoCapture::open VIDEOIO(DSHOW): backend is generally available but can't be used to capture by index
[ WARN:1@570.754] global cap.cpp:477 cv::VideoCapture::open VIDEOIO(DSHOW): backend is generally available but can't be used to capture by index
[ WARN:1@570.758] global cap.cpp:477 cv::VideoCapture::open VIDEOIO(DSHOW): backend is generally available but can't be used to capture by index
[ERROR:1@570.822] global obsensor_uvc_stream_channel.cpp:163 cv::obsensor::getStreamChannelGroup Camera index out of range
[ERROR:1@570.880] global obsensor_uvc_stream_channel.cpp:163 cv::obsensor::getStreamChannelGroup Camera index out of range
[ERROR:1@570.944] global obsensor_uvc_stream_channel.cpp:163 cv::obsensor::getStreamChannelGroup Camera index out of range
[ERROR:1@571.016] global obsensor_uvc_stream_channel.cpp:163 cv::obsensor::getStreamChannelGroup Camera index out of range
[ERROR:1@571.084] global obsensor_uvc_stream_channel.cpp:163 cv::obsensor::getStreamChannelGroup Camera index out of range
2026-09-17 23:07:30,491 WARNING mongdee.core.vision: [discover:9] index=9 state=OPEN_FAILED (tried 10 backend/format combinations, none produced a frame)
[ WARN:1@571.420] global cap.cpp:477 cv::VideoCapture::open VIDEOIO(DSHOW): backend is generally available but can't be used to capture by index
[ WARN:1@571.424] global cap.cpp:477 cv::VideoCapture::open VIDEOIO(DSHOW): backend is generally available but can't be used to capture by index
[ WARN:1@571.428] global cap.cpp:477 cv::VideoCapture::open VIDEOIO(DSHOW): backend is generally available but can't be used to capture by index
[ WARN:1@571.432] global cap.cpp:477 cv::VideoCapture::open VIDEOIO(DSHOW): backend is generally available but can't be used to capture by index
[ WARN:1@571.437] global cap.cpp:477 cv::VideoCapture::open VIDEOIO(DSHOW): backend is generally available but can't be used to capture by index
[ERROR:1@571.495] global obsensor_uvc_stream_channel.cpp:163 cv::obsensor::getStreamChannelGroup Camera index out of range
[ERROR:1@571.560] global obsensor_uvc_stream_channel.cpp:163 cv::obsensor::getStreamChannelGroup Camera index out of range
[ERROR:1@571.624] global obsensor_uvc_stream_channel.cpp:163 cv::obsensor::getStreamChannelGroup Camera index out of range
[ERROR:1@571.684] global obsensor_uvc_stream_channel.cpp:163 cv::obsensor::getStreamChannelGroup Camera index out of range
[ERROR:1@571.745] global obsensor_uvc_stream_channel.cpp:163 cv::obsensor::getStreamChannelGroup Camera index out of range
2026-09-17 23:07:31,152 WARNING mongdee.core.vision: [discover:10] index=10 state=OPEN_FAILED (tried 10 backend/format combinations, none produced a frame)
[ WARN:1@572.094] global cap.cpp:477 cv::VideoCapture::open VIDEOIO(DSHOW): backend is generally available but can't be used to capture by index
[ WARN:1@572.098] global cap.cpp:477 cv::VideoCapture::open VIDEOIO(DSHOW): backend is generally available but can't be used to capture by index
[ WARN:1@572.102] global cap.cpp:477 cv::VideoCapture::open VIDEOIO(DSHOW): backend is generally available but can't be used to capture by index
[ WARN:1@572.106] global cap.cpp:477 cv::VideoCapture::open VIDEOIO(DSHOW): backend is generally available but can't be used to capture by index
[ WARN:1@572.109] global cap.cpp:477 cv::VideoCapture::open VIDEOIO(DSHOW): backend is generally available but can't be used to capture by index
[ERROR:1@572.170] global obsensor_uvc_stream_channel.cpp:163 cv::obsensor::getStreamChannelGroup Camera index out of range
[ERROR:1@572.225] global obsensor_uvc_stream_channel.cpp:163 cv::obsensor::getStreamChannelGroup Camera index out of range
[ERROR:1@572.288] global obsensor_uvc_stream_channel.cpp:163 cv::obsensor::getStreamChannelGroup Camera index out of range
[ERROR:1@572.358] global obsensor_uvc_stream_channel.cpp:163 cv::obsensor::getStreamChannelGroup Camera index out of range
[ERROR:1@572.429] global obsensor_uvc_stream_channel.cpp:163 cv::obsensor::getStreamChannelGroup Camera index out of range
2026-09-17 23:07:31,836 WARNING mongdee.core.vision: [discover:11] index=11 state=OPEN_FAILED (tried 10 backend/format combinations, none produced a frame)
[ WARN:1@572.779] global cap.cpp:477 cv::VideoCapture::open VIDEOIO(DSHOW): backend is generally available but can't be used to capture by index
[ WARN:1@572.784] global cap.cpp:477 cv::VideoCapture::open VIDEOIO(DSHOW): backend is generally available but can't be used to capture by index
[ WARN:1@572.788] global cap.cpp:477 cv::VideoCapture::open VIDEOIO(DSHOW): backend is generally available but can't be used to capture by index
[ WARN:1@572.793] global cap.cpp:477 cv::VideoCapture::open VIDEOIO(DSHOW): backend is generally available but can't be used to capture by index
[ WARN:1@572.797] global cap.cpp:477 cv::VideoCapture::open VIDEOIO(DSHOW): backend is generally available but can't be used to capture by index
[ERROR:1@572.864] global obsensor_uvc_stream_channel.cpp:163 cv::obsensor::getStreamChannelGroup Camera index out of range
[ERROR:1@572.935] global obsensor_uvc_stream_channel.cpp:163 cv::obsensor::getStreamChannelGroup Camera index out of range
[ERROR:1@572.999] global obsensor_uvc_stream_channel.cpp:163 cv::obsensor::getStreamChannelGroup Camera index out of range
[ERROR:1@573.066] global obsensor_uvc_stream_channel.cpp:163 cv::obsensor::getStreamChannelGroup Camera index out of range
[ERROR:1@573.135] global obsensor_uvc_stream_channel.cpp:163 cv::obsensor::getStreamChannelGroup Camera index out of range
2026-09-17 23:07:32,542 WARNING mongdee.core.vision: [discover:12] index=12 state=OPEN_FAILED (tried 10 backend/format combinations, none produced a frame)
[ WARN:1@573.486] global cap.cpp:477 cv::VideoCapture::open VIDEOIO(DSHOW): backend is generally available but can't be used to capture by index
[ WARN:1@573.491] global cap.cpp:477 cv::VideoCapture::open VIDEOIO(DSHOW): backend is generally available but can't be used to capture by index
[ WARN:1@573.495] global cap.cpp:477 cv::VideoCapture::open VIDEOIO(DSHOW): backend is generally available but can't be used to capture by index
[ WARN:1@573.499] global cap.cpp:477 cv::VideoCapture::open VIDEOIO(DSHOW): backend is generally available but can't be used to capture by index
[ WARN:1@573.503] global cap.cpp:477 cv::VideoCapture::open VIDEOIO(DSHOW): backend is generally available but can't be used to capture by index
[ERROR:1@573.567] global obsensor_uvc_stream_channel.cpp:163 cv::obsensor::getStreamChannelGroup Camera index out of range
[ERROR:1@573.633] global obsensor_uvc_stream_channel.cpp:163 cv::obsensor::getStreamChannelGroup Camera index out of range
[ERROR:1@573.709] global obsensor_uvc_stream_channel.cpp:163 cv::obsensor::getStreamChannelGroup Camera index out of range
[ERROR:1@573.780] global obsensor_uvc_stream_channel.cpp:163 cv::obsensor::getStreamChannelGroup Camera index out of range
[ERROR:1@573.851] global obsensor_uvc_stream_channel.cpp:163 cv::obsensor::getStreamChannelGroup Camera index out of range
2026-09-17 23:07:33,258 WARNING mongdee.core.vision: [discover:13] index=13 state=OPEN_FAILED (tried 10 backend/format combinations, none produced a frame)
[ WARN:1@574.172] global cap.cpp:477 cv::VideoCapture::open VIDEOIO(DSHOW): backend is generally available but can't be used to capture by index
[ WARN:1@574.174] global cap.cpp:477 cv::VideoCapture::open VIDEOIO(DSHOW): backend is generally available but can't be used to capture by index
[ WARN:1@574.176] global cap.cpp:477 cv::VideoCapture::open VIDEOIO(DSHOW): backend is generally available but can't be used to capture by index
[ WARN:1@574.178] global cap.cpp:477 cv::VideoCapture::open VIDEOIO(DSHOW): backend is generally available but can't be used to capture by index
[ WARN:1@574.180] global cap.cpp:477 cv::VideoCapture::open VIDEOIO(DSHOW): backend is generally available but can't be used to capture by index
[ERROR:1@574.216] global obsensor_uvc_stream_channel.cpp:163 cv::obsensor::getStreamChannelGroup Camera index out of range
[ERROR:1@574.253] global obsensor_uvc_stream_channel.cpp:163 cv::obsensor::getStreamChannelGroup Camera index out of range
[ERROR:1@574.290] global obsensor_uvc_stream_channel.cpp:163 cv::obsensor::getStreamChannelGroup Camera index out of range
[ERROR:1@574.331] global obsensor_uvc_stream_channel.cpp:163 cv::obsensor::getStreamChannelGroup Camera index out of range
[ERROR:1@574.372] global obsensor_uvc_stream_channel.cpp:163 cv::obsensor::getStreamChannelGroup Camera index out of range
2026-09-17 23:07:33,779 WARNING mongdee.core.vision: [discover:14] index=14 state=OPEN_FAILED (tried 10 backend/format combinations, none produced a frame)
[ WARN:1@574.479] global cap.cpp:477 cv::VideoCapture::open VIDEOIO(DSHOW): backend is generally available but can't be used to capture by index
[ WARN:1@574.480] global cap.cpp:477 cv::VideoCapture::open VIDEOIO(DSHOW): backend is generally available but can't be used to capture by index
[ WARN:1@574.482] global cap.cpp:477 cv::VideoCapture::open VIDEOIO(DSHOW): backend is generally available but can't be used to capture by index
[ WARN:1@574.483] global cap.cpp:477 cv::VideoCapture::open VIDEOIO(DSHOW): backend is generally available but can't be used to capture by index
[ WARN:1@574.484] global cap.cpp:477 cv::VideoCapture::open VIDEOIO(DSHOW): backend is generally available but can't be used to capture by index
[ERROR:1@574.510] global obsensor_uvc_stream_channel.cpp:163 cv::obsensor::getStreamChannelGroup Camera index out of range
[ERROR:1@574.544] global obsensor_uvc_stream_channel.cpp:163 cv::obsensor::getStreamChannelGroup Camera index out of range
[ERROR:1@574.600] global obsensor_uvc_stream_channel.cpp:163 cv::obsensor::getStreamChannelGroup Camera index out of range
[ERROR:1@574.672] global obsensor_uvc_stream_channel.cpp:163 cv::obsensor::getStreamChannelGroup Camera index out of range
[ERROR:1@574.741] global obsensor_uvc_stream_channel.cpp:163 cv::obsensor::getStreamChannelGroup Camera index out of range
2026-09-17 23:07:34,149 WARNING mongdee.core.vision: [discover:15] index=15 state=OPEN_FAILED (tried 10 backend/format combinations, none produced a frame)
2026-09-17 23:07:43,415 INFO mongdee.core.performance: [PERF] CAM-1: restoring AI input resolution (320px -> 480px)
2026-09-17 23:07:45,422 INFO mongdee.core.performance: [PERF] CAM-1: restoring AI input resolution (480px -> 640px)
2026-09-17 23:07:47,428 INFO mongdee.core.performance: [PERF] CAM-1: reducing AI input resolution (640px -> 480px)
2026-09-17 23:07:49,435 INFO mongdee.core.performance: [PERF] CAM-1: restoring AI input resolution (480px -> 640px)
2026-09-17 23:07:51,442 INFO mongdee.core.performance: [PERF] CAM-1: reducing AI input resolution (640px -> 480px)
2026-09-17 23:07:53,447 INFO mongdee.core.performance: [PERF] CAM-1: reducing AI input resolution (480px -> 320px)
2026-09-17 23:08:03,478 INFO mongdee.core.performance: [PERF] CAM-1: restoring AI input resolution (320px -> 480px)
2026-09-17 23:08:05,485 INFO mongdee.core.performance: [PERF] CAM-1: reducing AI input resolution (480px -> 320px)
2026-09-17 23:08:11,504 INFO mongdee.core.performance: [PERF] CAM-1: restoring AI input resolution (320px -> 480px)
2026-09-17 23:08:13,509 INFO mongdee.core.performance: [PERF] CAM-1: restoring AI input resolution (480px -> 640px)
2026-09-17 23:08:15,515 INFO mongdee.core.performance: [PERF] CAM-1: reducing AI input resolution (640px -> 480px)
2026-09-17 23:08:17,522 INFO mongdee.core.performance: [PERF] CAM-1: reducing AI input resolution (480px -> 320px)
2026-09-17 23:08:21,532 INFO mongdee.core.performance: [PERF] CAM-1: restoring AI input resolution (320px -> 480px)
2026-09-17 23:08:23,539 INFO mongdee.core.performance: [PERF] CAM-1: restoring AI input resolution (480px -> 640px)
2026-09-17 23:08:25,547 INFO mongdee.core.performance: [PERF] CAM-1: reducing AI input resolution (640px -> 480px)
2026-09-17 23:08:27,554 INFO mongdee.core.performance: [PERF] CAM-1: restoring AI input resolution (480px -> 640px)
2026-09-17 23:08:29,562 INFO mongdee.core.performance: [PERF] CAM-1: restoring AI inference rate (every 8 -> 7 frames)
2026-09-17 23:08:31,571 INFO mongdee.core.performance: [PERF] CAM-1: reducing AI inference rate (every 7 -> 8 frames)
2026-09-17 23:08:33,577 INFO mongdee.core.performance: [PERF] CAM-1: reducing AI input resolution (640px -> 480px)
[ WARN:1@635.441] global cap.cpp:477 cv::VideoCapture::open VIDEOIO(DSHOW): backend is generally available but can't be used to capture by index
[ WARN:1@635.444] global cap.cpp:477 cv::VideoCapture::open VIDEOIO(DSHOW): backend is generally available but can't be used to capture by index
[ WARN:1@635.449] global cap.cpp:477 cv::VideoCapture::open VIDEOIO(DSHOW): backend is generally available but can't be used to capture by index
[ WARN:1@635.453] global cap.cpp:477 cv::VideoCapture::open VIDEOIO(DSHOW): backend is generally available but can't be used to capture by index
[ WARN:1@635.458] global cap.cpp:477 cv::VideoCapture::open VIDEOIO(DSHOW): backend is generally available but can't be used to capture by index
[ERROR:1@635.531] global obsensor_uvc_stream_channel.cpp:163 cv::obsensor::getStreamChannelGroup Camera index out of range
[ERROR:1@635.596] global obsensor_uvc_stream_channel.cpp:163 cv::obsensor::getStreamChannelGroup Camera index out of range
[ERROR:1@635.658] global obsensor_uvc_stream_channel.cpp:163 cv::obsensor::getStreamChannelGroup Camera index out of range
[ERROR:1@635.727] global obsensor_uvc_stream_channel.cpp:163 cv::obsensor::getStreamChannelGroup Camera index out of range
[ERROR:1@635.787] global obsensor_uvc_stream_channel.cpp:163 cv::obsensor::getStreamChannelGroup Camera index out of range
2026-09-17 23:08:35,194 WARNING mongdee.core.vision: [discover:3] index=3 state=OPEN_FAILED (tried 10 backend/format combinations, none produced a frame)
[ WARN:1@636.109] global cap.cpp:477 cv::VideoCapture::open VIDEOIO(DSHOW): backend is generally available but can't be used to capture by index
[ WARN:1@636.113] global cap.cpp:477 cv::VideoCapture::open VIDEOIO(DSHOW): backend is generally available but can't be used to capture by index
[ WARN:1@636.116] global cap.cpp:477 cv::VideoCapture::open VIDEOIO(DSHOW): backend is generally available but can't be used to capture by index
[ WARN:1@636.120] global cap.cpp:477 cv::VideoCapture::open VIDEOIO(DSHOW): backend is generally available but can't be used to capture by index
[ WARN:1@636.123] global cap.cpp:477 cv::VideoCapture::open VIDEOIO(DSHOW): backend is generally available but can't be used to capture by index
2026-09-17 23:08:35,583 INFO mongdee.core.performance: [PERF] CAM-1: reducing AI input resolution (480px -> 320px)
[ERROR:1@636.189] global obsensor_uvc_stream_channel.cpp:163 cv::obsensor::getStreamChannelGroup Camera index out of range
[ERROR:1@636.254] global obsensor_uvc_stream_channel.cpp:163 cv::obsensor::getStreamChannelGroup Camera index out of range
[ERROR:1@636.324] global obsensor_uvc_stream_channel.cpp:163 cv::obsensor::getStreamChannelGroup Camera index out of range
[ERROR:1@636.397] global obsensor_uvc_stream_channel.cpp:163 cv::obsensor::getStreamChannelGroup Camera index out of range
[ERROR:1@636.472] global obsensor_uvc_stream_channel.cpp:163 cv::obsensor::getStreamChannelGroup Camera index out of range
2026-09-17 23:08:35,879 WARNING mongdee.core.vision: [discover:4] index=4 state=OPEN_FAILED (tried 10 backend/format combinations, none produced a frame)
[ WARN:1@636.764] global cap.cpp:477 cv::VideoCapture::open VIDEOIO(DSHOW): backend is generally available but can't be used to capture by index
[ WARN:1@636.769] global cap.cpp:477 cv::VideoCapture::open VIDEOIO(DSHOW): backend is generally available but can't be used to capture by index
[ WARN:1@636.774] global cap.cpp:477 cv::VideoCapture::open VIDEOIO(DSHOW): backend is generally available but can't be used to capture by index
[ WARN:1@636.778] global cap.cpp:477 cv::VideoCapture::open VIDEOIO(DSHOW): backend is generally available but can't be used to capture by index
[ WARN:1@636.781] global cap.cpp:477 cv::VideoCapture::open VIDEOIO(DSHOW): backend is generally available but can't be used to capture by index
[ERROR:1@636.819] global obsensor_uvc_stream_channel.cpp:163 cv::obsensor::getStreamChannelGroup Camera index out of range
[ERROR:1@636.856] global obsensor_uvc_stream_channel.cpp:163 cv::obsensor::getStreamChannelGroup Camera index out of range
[ERROR:1@636.892] global obsensor_uvc_stream_channel.cpp:163 cv::obsensor::getStreamChannelGroup Camera index out of range
[ERROR:1@636.928] global obsensor_uvc_stream_channel.cpp:163 cv::obsensor::getStreamChannelGroup Camera index out of range
[ERROR:1@636.961] global obsensor_uvc_stream_channel.cpp:163 cv::obsensor::getStreamChannelGroup Camera index out of range
2026-09-17 23:08:36,368 WARNING mongdee.core.vision: [discover:5] index=5 state=OPEN_FAILED (tried 10 backend/format combinations, none produced a frame)
[ WARN:1@637.138] global cap.cpp:477 cv::VideoCapture::open VIDEOIO(DSHOW): backend is generally available but can't be used to capture by index
[ WARN:1@637.140] global cap.cpp:477 cv::VideoCapture::open VIDEOIO(DSHOW): backend is generally available but can't be used to capture by index
[ WARN:1@637.143] global cap.cpp:477 cv::VideoCapture::open VIDEOIO(DSHOW): backend is generally available but can't be used to capture by index
[ WARN:1@637.145] global cap.cpp:477 cv::VideoCapture::open VIDEOIO(DSHOW): backend is generally available but can't be used to capture by index
[ WARN:1@637.147] global cap.cpp:477 cv::VideoCapture::open VIDEOIO(DSHOW): backend is generally available but can't be used to capture by index
[ERROR:1@637.182] global obsensor_uvc_stream_channel.cpp:163 cv::obsensor::getStreamChannelGroup Camera index out of range
[ERROR:1@637.222] global obsensor_uvc_stream_channel.cpp:163 cv::obsensor::getStreamChannelGroup Camera index out of range
[ERROR:1@637.260] global obsensor_uvc_stream_channel.cpp:163 cv::obsensor::getStreamChannelGroup Camera index out of range
[ERROR:1@637.298] global obsensor_uvc_stream_channel.cpp:163 cv::obsensor::getStreamChannelGroup Camera index out of range
[ERROR:1@637.345] global obsensor_uvc_stream_channel.cpp:163 cv::obsensor::getStreamChannelGroup Camera index out of range
2026-09-17 23:08:36,752 WARNING mongdee.core.vision: [discover:6] index=6 state=OPEN_FAILED (tried 10 backend/format combinations, none produced a frame)
[ WARN:1@637.689] global cap.cpp:477 cv::VideoCapture::open VIDEOIO(DSHOW): backend is generally available but can't be used to capture by index
[ WARN:1@637.693] global cap.cpp:477 cv::VideoCapture::open VIDEOIO(DSHOW): backend is generally available but can't be used to capture by index
[ WARN:1@637.697] global cap.cpp:477 cv::VideoCapture::open VIDEOIO(DSHOW): backend is generally available but can't be used to capture by index
[ WARN:1@637.702] global cap.cpp:477 cv::VideoCapture::open VIDEOIO(DSHOW): backend is generally available but can't be used to capture by index
[ WARN:1@637.707] global cap.cpp:477 cv::VideoCapture::open VIDEOIO(DSHOW): backend is generally available but can't be used to capture by index
[ERROR:1@637.782] global obsensor_uvc_stream_channel.cpp:163 cv::obsensor::getStreamChannelGroup Camera index out of range
[ERROR:1@637.851] global obsensor_uvc_stream_channel.cpp:163 cv::obsensor::getStreamChannelGroup Camera index out of range
[ERROR:1@637.909] global obsensor_uvc_stream_channel.cpp:163 cv::obsensor::getStreamChannelGroup Camera index out of range
[ERROR:1@637.968] global obsensor_uvc_stream_channel.cpp:163 cv::obsensor::getStreamChannelGroup Camera index out of range
[ERROR:1@638.036] global obsensor_uvc_stream_channel.cpp:163 cv::obsensor::getStreamChannelGroup Camera index out of range
2026-09-17 23:08:37,443 WARNING mongdee.core.vision: [discover:7] index=7 state=OPEN_FAILED (tried 10 backend/format combinations, none produced a frame)
2026-09-17 23:08:37,588 INFO mongdee.core.performance: [PERF] CAM-1: restoring AI input resolution (320px -> 480px)
[ WARN:1@638.359] global cap.cpp:477 cv::VideoCapture::open VIDEOIO(DSHOW): backend is generally available but can't be used to capture by index
[ WARN:1@638.363] global cap.cpp:477 cv::VideoCapture::open VIDEOIO(DSHOW): backend is generally available but can't be used to capture by index
[ WARN:1@638.367] global cap.cpp:477 cv::VideoCapture::open VIDEOIO(DSHOW): backend is generally available but can't be used to capture by index
[ WARN:1@638.371] global cap.cpp:477 cv::VideoCapture::open VIDEOIO(DSHOW): backend is generally available but can't be used to capture by index
[ WARN:1@638.375] global cap.cpp:477 cv::VideoCapture::open VIDEOIO(DSHOW): backend is generally available but can't be used to capture by index
[ERROR:1@638.439] global obsensor_uvc_stream_channel.cpp:163 cv::obsensor::getStreamChannelGroup Camera index out of range
[ERROR:1@638.509] global obsensor_uvc_stream_channel.cpp:163 cv::obsensor::getStreamChannelGroup Camera index out of range
[ERROR:1@638.581] global obsensor_uvc_stream_channel.cpp:163 cv::obsensor::getStreamChannelGroup Camera index out of range
[ERROR:1@638.652] global obsensor_uvc_stream_channel.cpp:163 cv::obsensor::getStreamChannelGroup Camera index out of range
[ERROR:1@638.712] global obsensor_uvc_stream_channel.cpp:163 cv::obsensor::getStreamChannelGroup Camera index out of range
2026-09-17 23:08:38,119 WARNING mongdee.core.vision: [discover:8] index=8 state=OPEN_FAILED (tried 10 backend/format combinations, none produced a frame)
[ WARN:1@639.047] global cap.cpp:477 cv::VideoCapture::open VIDEOIO(DSHOW): backend is generally available but can't be used to capture by index
[ WARN:1@639.051] global cap.cpp:477 cv::VideoCapture::open VIDEOIO(DSHOW): backend is generally available but can't be used to capture by index
[ WARN:1@639.055] global cap.cpp:477 cv::VideoCapture::open VIDEOIO(DSHOW): backend is generally available but can't be used to capture by index
[ WARN:1@639.060] global cap.cpp:477 cv::VideoCapture::open VIDEOIO(DSHOW): backend is generally available but can't be used to capture by index
[ WARN:1@639.064] global cap.cpp:477 cv::VideoCapture::open VIDEOIO(DSHOW): backend is generally available but can't be used to capture by index
[ERROR:1@639.134] global obsensor_uvc_stream_channel.cpp:163 cv::obsensor::getStreamChannelGroup Camera index out of range
[ERROR:1@639.198] global obsensor_uvc_stream_channel.cpp:163 cv::obsensor::getStreamChannelGroup Camera index out of range
[ERROR:1@639.264] global obsensor_uvc_stream_channel.cpp:163 cv::obsensor::getStreamChannelGroup Camera index out of range
[ERROR:1@639.328] global obsensor_uvc_stream_channel.cpp:163 cv::obsensor::getStreamChannelGroup Camera index out of range
[ERROR:1@639.401] global obsensor_uvc_stream_channel.cpp:163 cv::obsensor::getStreamChannelGroup Camera index out of range
2026-09-17 23:08:38,809 WARNING mongdee.core.vision: [discover:9] index=9 state=OPEN_FAILED (tried 10 backend/format combinations, none produced a frame)
[ WARN:1@639.734] global cap.cpp:477 cv::VideoCapture::open VIDEOIO(DSHOW): backend is generally available but can't be used to capture by index
[ WARN:1@639.737] global cap.cpp:477 cv::VideoCapture::open VIDEOIO(DSHOW): backend is generally available but can't be used to capture by index
[ WARN:1@639.741] global cap.cpp:477 cv::VideoCapture::open VIDEOIO(DSHOW): backend is generally available but can't be used to capture by index
[ WARN:1@639.745] global cap.cpp:477 cv::VideoCapture::open VIDEOIO(DSHOW): backend is generally available but can't be used to capture by index
[ WARN:1@639.748] global cap.cpp:477 cv::VideoCapture::open VIDEOIO(DSHOW): backend is generally available but can't be used to capture by index
[ERROR:1@639.810] global obsensor_uvc_stream_channel.cpp:163 cv::obsensor::getStreamChannelGroup Camera index out of range
[ERROR:1@639.883] global obsensor_uvc_stream_channel.cpp:163 cv::obsensor::getStreamChannelGroup Camera index out of range
[ERROR:1@639.951] global obsensor_uvc_stream_channel.cpp:163 cv::obsensor::getStreamChannelGroup Camera index out of range
[ERROR:1@640.020] global obsensor_uvc_stream_channel.cpp:163 cv::obsensor::getStreamChannelGroup Camera index out of range
[ERROR:1@640.091] global obsensor_uvc_stream_channel.cpp:163 cv::obsensor::getStreamChannelGroup Camera index out of range
2026-09-17 23:08:39,498 WARNING mongdee.core.vision: [discover:10] index=10 state=OPEN_FAILED (tried 10 backend/format combinations, none produced a frame)
2026-09-17 23:08:39,595 INFO mongdee.core.performance: [PERF] CAM-1: reducing AI input resolution (480px -> 320px)
[ WARN:1@640.426] global cap.cpp:477 cv::VideoCapture::open VIDEOIO(DSHOW): backend is generally available but can't be used to capture by index
[ WARN:1@640.429] global cap.cpp:477 cv::VideoCapture::open VIDEOIO(DSHOW): backend is generally available but can't be used to capture by index
[ WARN:1@640.432] global cap.cpp:477 cv::VideoCapture::open VIDEOIO(DSHOW): backend is generally available but can't be used to capture by index
[ WARN:1@640.436] global cap.cpp:477 cv::VideoCapture::open VIDEOIO(DSHOW): backend is generally available but can't be used to capture by index
[ WARN:1@640.440] global cap.cpp:477 cv::VideoCapture::open VIDEOIO(DSHOW): backend is generally available but can't be used to capture by index
[ERROR:1@640.509] global obsensor_uvc_stream_channel.cpp:163 cv::obsensor::getStreamChannelGroup Camera index out of range
[ERROR:1@640.577] global obsensor_uvc_stream_channel.cpp:163 cv::obsensor::getStreamChannelGroup Camera index out of range
[ERROR:1@640.642] global obsensor_uvc_stream_channel.cpp:163 cv::obsensor::getStreamChannelGroup Camera index out of range
[ERROR:1@640.703] global obsensor_uvc_stream_channel.cpp:163 cv::obsensor::getStreamChannelGroup Camera index out of range
[ERROR:1@640.771] global obsensor_uvc_stream_channel.cpp:163 cv::obsensor::getStreamChannelGroup Camera index out of range
2026-09-17 23:08:40,179 WARNING mongdee.core.vision: [discover:11] index=11 state=OPEN_FAILED (tried 10 backend/format combinations, none produced a frame)
[ WARN:1@641.112] global cap.cpp:477 cv::VideoCapture::open VIDEOIO(DSHOW): backend is generally available but can't be used to capture by index
[ WARN:1@641.117] global cap.cpp:477 cv::VideoCapture::open VIDEOIO(DSHOW): backend is generally available but can't be used to capture by index
[ WARN:1@641.121] global cap.cpp:477 cv::VideoCapture::open VIDEOIO(DSHOW): backend is generally available but can't be used to capture by index
[ WARN:1@641.126] global cap.cpp:477 cv::VideoCapture::open VIDEOIO(DSHOW): backend is generally available but can't be used to capture by index
[ WARN:1@641.130] global cap.cpp:477 cv::VideoCapture::open VIDEOIO(DSHOW): backend is generally available but can't be used to capture by index
[ERROR:1@641.198] global obsensor_uvc_stream_channel.cpp:163 cv::obsensor::getStreamChannelGroup Camera index out of range
[ERROR:1@641.266] global obsensor_uvc_stream_channel.cpp:163 cv::obsensor::getStreamChannelGroup Camera index out of range
[ERROR:1@641.348] global obsensor_uvc_stream_channel.cpp:163 cv::obsensor::getStreamChannelGroup Camera index out of range
[ERROR:1@641.418] global obsensor_uvc_stream_channel.cpp:163 cv::obsensor::getStreamChannelGroup Camera index out of range
[ERROR:1@641.483] global obsensor_uvc_stream_channel.cpp:163 cv::obsensor::getStreamChannelGroup Camera index out of range
2026-09-17 23:08:40,890 WARNING mongdee.core.vision: [discover:12] index=12 state=OPEN_FAILED (tried 10 backend/format combinations, none produced a frame)
[ WARN:1@641.792] global cap.cpp:477 cv::VideoCapture::open VIDEOIO(DSHOW): backend is generally available but can't be used to capture by index
[ WARN:1@641.797] global cap.cpp:477 cv::VideoCapture::open VIDEOIO(DSHOW): backend is generally available but can't be used to capture by index
[ WARN:1@641.800] global cap.cpp:477 cv::VideoCapture::open VIDEOIO(DSHOW): backend is generally available but can't be used to capture by index
[ WARN:1@641.803] global cap.cpp:477 cv::VideoCapture::open VIDEOIO(DSHOW): backend is generally available but can't be used to capture by index
[ WARN:1@641.807] global cap.cpp:477 cv::VideoCapture::open VIDEOIO(DSHOW): backend is generally available but can't be used to capture by index
[ERROR:1@641.868] global obsensor_uvc_stream_channel.cpp:163 cv::obsensor::getStreamChannelGroup Camera index out of range
[ERROR:1@641.952] global obsensor_uvc_stream_channel.cpp:163 cv::obsensor::getStreamChannelGroup Camera index out of range
[ERROR:1@642.127] global obsensor_uvc_stream_channel.cpp:163 cv::obsensor::getStreamChannelGroup Camera index out of range
[ERROR:1@642.191] global obsensor_uvc_stream_channel.cpp:163 cv::obsensor::getStreamChannelGroup Camera index out of range
[ERROR:1@642.267] global obsensor_uvc_stream_channel.cpp:163 cv::obsensor::getStreamChannelGroup Camera index out of range
2026-09-17 23:08:41,674 WARNING mongdee.core.vision: [discover:13] index=13 state=OPEN_FAILED (tried 10 backend/format combinations, none produced a frame)
[ WARN:1@642.636] global cap.cpp:477 cv::VideoCapture::open VIDEOIO(DSHOW): backend is generally available but can't be used to capture by index
[ WARN:1@642.640] global cap.cpp:477 cv::VideoCapture::open VIDEOIO(DSHOW): backend is generally available but can't be used to capture by index
[ WARN:1@642.644] global cap.cpp:477 cv::VideoCapture::open VIDEOIO(DSHOW): backend is generally available but can't be used to capture by index
[ WARN:1@642.647] global cap.cpp:477 cv::VideoCapture::open VIDEOIO(DSHOW): backend is generally available but can't be used to capture by index
[ WARN:1@642.652] global cap.cpp:477 cv::VideoCapture::open VIDEOIO(DSHOW): backend is generally available but can't be used to capture by index
[ERROR:1@642.700] global obsensor_uvc_stream_channel.cpp:163 cv::obsensor::getStreamChannelGroup Camera index out of range
[ERROR:1@642.762] global obsensor_uvc_stream_channel.cpp:163 cv::obsensor::getStreamChannelGroup Camera index out of range
[ERROR:1@642.807] global obsensor_uvc_stream_channel.cpp:163 cv::obsensor::getStreamChannelGroup Camera index out of range
[ERROR:1@642.842] global obsensor_uvc_stream_channel.cpp:163 cv::obsensor::getStreamChannelGroup Camera index out of range
[ERROR:1@642.875] global obsensor_uvc_stream_channel.cpp:163 cv::obsensor::getStreamChannelGroup Camera index out of range
2026-09-17 23:08:42,282 WARNING mongdee.core.vision: [discover:14] index=14 state=OPEN_FAILED (tried 10 backend/format combinations, none produced a frame)
[ WARN:1@642.980] global cap.cpp:477 cv::VideoCapture::open VIDEOIO(DSHOW): backend is generally available but can't be used to capture by index
[ WARN:1@642.982] global cap.cpp:477 cv::VideoCapture::open VIDEOIO(DSHOW): backend is generally available but can't be used to capture by index
[ WARN:1@642.984] global cap.cpp:477 cv::VideoCapture::open VIDEOIO(DSHOW): backend is generally available but can't be used to capture by index
[ WARN:1@642.985] global cap.cpp:477 cv::VideoCapture::open VIDEOIO(DSHOW): backend is generally available but can't be used to capture by index
[ WARN:1@642.987] global cap.cpp:477 cv::VideoCapture::open VIDEOIO(DSHOW): backend is generally available but can't be used to capture by index
[ERROR:1@643.018] global obsensor_uvc_stream_channel.cpp:163 cv::obsensor::getStreamChannelGroup Camera index out of range
[ERROR:1@643.048] global obsensor_uvc_stream_channel.cpp:163 cv::obsensor::getStreamChannelGroup Camera index out of range
[ERROR:1@643.077] global obsensor_uvc_stream_channel.cpp:163 cv::obsensor::getStreamChannelGroup Camera index out of range
[ERROR:1@643.104] global obsensor_uvc_stream_channel.cpp:163 cv::obsensor::getStreamChannelGroup Camera index out of range
[ERROR:1@643.130] global obsensor_uvc_stream_channel.cpp:163 cv::obsensor::getStreamChannelGroup Camera index out of range
2026-09-17 23:08:42,537 WARNING mongdee.core.vision: [discover:15] index=15 state=OPEN_FAILED (tried 10 backend/format combinations, none produced a frame)
2026-09-17 23:08:43,607 INFO mongdee.core.performance: [PERF] CAM-1: restoring AI input resolution (320px -> 480px)
2026-09-17 23:08:45,615 INFO mongdee.core.performance: [PERF] CAM-1: restoring AI input resolution (480px -> 640px)
2026-09-17 23:08:47,661 INFO mongdee.core.performance: [PERF] CAM-1: reducing AI input resolution (640px -> 480px)
2026-09-17 23:08:49,669 INFO mongdee.core.performance: [PERF] CAM-1: reducing AI input resolution (480px -> 320px)
2026-09-17 23:09:01,773 WARNING mongdee.core.performance: [PERF] CPU สูงต่อเนื่อง (100% >= 95% นาน 6s) — พัก AI ทั้งระบบชั่วคราว (Camera Preview ยังทำงานปกติ)
2026-09-17 23:09:03,778 INFO mongdee.core.performance: [PERF] CAM-1: restoring AI input resolution (320px -> 480px)
2026-09-17 23:09:05,782 INFO mongdee.core.performance: [PERF] CAM-1: restoring AI input resolution (480px -> 640px)
2026-09-17 23:09:07,787 INFO mongdee.core.performance: [PERF] CAM-1: restoring AI inference rate (every 8 -> 7 frames)
2026-09-17 23:09:09,791 INFO mongdee.core.performance: [PERF] CPU กลับสู่ปกติ (21% <= 70% นาน 6s) — เริ่ม AI ต่ออัตโนมัติ
2026-09-17 23:09:09,791 INFO mongdee.core.performance: [PERF] CAM-1: restoring AI inference rate (every 7 -> 6 frames)
2026-09-17 23:09:11,799 INFO mongdee.core.performance: [PERF] CAM-1: reducing AI inference rate (every 6 -> 7 frames)
2026-09-17 23:09:13,806 INFO mongdee.core.performance: [PERF] CAM-1: reducing AI inference rate (every 7 -> 8 frames)
2026-09-17 23:09:15,812 INFO mongdee.core.performance: [PERF] CAM-1: reducing AI input resolution (640px -> 480px)
2026-09-17 23:09:17,819 INFO mongdee.core.performance: [PERF] CAM-1: reducing AI input resolution (480px -> 320px)
[ WARN:1@703.312] global cap.cpp:477 cv::VideoCapture::open VIDEOIO(DSHOW): backend is generally available but can't be used to capture by index
[ WARN:1@703.314] global cap.cpp:477 cv::VideoCapture::open VIDEOIO(DSHOW): backend is generally available but can't be used to capture by index
[ WARN:1@703.315] global cap.cpp:477 cv::VideoCapture::open VIDEOIO(DSHOW): backend is generally available but can't be used to capture by index
[ WARN:1@703.317] global cap.cpp:477 cv::VideoCapture::open VIDEOIO(DSHOW): backend is generally available but can't be used to capture by index
[ WARN:1@703.318] global cap.cpp:477 cv::VideoCapture::open VIDEOIO(DSHOW): backend is generally available but can't be used to capture by index
[ERROR:1@703.518] global obsensor_uvc_stream_channel.cpp:163 cv::obsensor::getStreamChannelGroup Camera index out of range
[ERROR:1@703.676] global obsensor_uvc_stream_channel.cpp:163 cv::obsensor::getStreamChannelGroup Camera index out of range
[ERROR:1@703.834] global obsensor_uvc_stream_channel.cpp:163 cv::obsensor::getStreamChannelGroup Camera index out of range
[ERROR:1@703.990] global obsensor_uvc_stream_channel.cpp:163 cv::obsensor::getStreamChannelGroup Camera index out of range
[ERROR:1@704.118] global obsensor_uvc_stream_channel.cpp:163 cv::obsensor::getStreamChannelGroup Camera index out of range
2026-09-17 23:09:43,525 WARNING mongdee.core.vision: [discover:3] index=3 state=OPEN_FAILED (tried 10 backend/format combinations, none produced a frame)
[ WARN:1@704.414] global cap.cpp:477 cv::VideoCapture::open VIDEOIO(DSHOW): backend is generally available but can't be used to capture by index
[ WARN:1@704.418] global cap.cpp:477 cv::VideoCapture::open VIDEOIO(DSHOW): backend is generally available but can't be used to capture by index
[ WARN:1@704.421] global cap.cpp:477 cv::VideoCapture::open VIDEOIO(DSHOW): backend is generally available but can't be used to capture by index
[ WARN:1@704.425] global cap.cpp:477 cv::VideoCapture::open VIDEOIO(DSHOW): backend is generally available but can't be used to capture by index
[ WARN:1@704.428] global cap.cpp:477 cv::VideoCapture::open VIDEOIO(DSHOW): backend is generally available but can't be used to capture by index
[ERROR:1@704.650] global obsensor_uvc_stream_channel.cpp:163 cv::obsensor::getStreamChannelGroup Camera index out of range
[ERROR:1@705.641] global obsensor_uvc_stream_channel.cpp:163 cv::obsensor::getStreamChannelGroup Camera index out of range
[ERROR:1@705.774] global obsensor_uvc_stream_channel.cpp:163 cv::obsensor::getStreamChannelGroup Camera index out of range
[ERROR:1@705.904] global obsensor_uvc_stream_channel.cpp:163 cv::obsensor::getStreamChannelGroup Camera index out of range
[ERROR:1@706.034] global obsensor_uvc_stream_channel.cpp:163 cv::obsensor::getStreamChannelGroup Camera index out of range
2026-09-17 23:09:45,442 WARNING mongdee.core.vision: [discover:4] index=4 state=OPEN_FAILED (tried 10 backend/format combinations, none produced a frame)
[ WARN:1@706.371] global cap.cpp:477 cv::VideoCapture::open VIDEOIO(DSHOW): backend is generally available but can't be used to capture by index
[ WARN:1@706.374] global cap.cpp:477 cv::VideoCapture::open VIDEOIO(DSHOW): backend is generally available but can't be used to capture by index
[ WARN:1@706.378] global cap.cpp:477 cv::VideoCapture::open VIDEOIO(DSHOW): backend is generally available but can't be used to capture by index
[ WARN:1@706.381] global cap.cpp:477 cv::VideoCapture::open VIDEOIO(DSHOW): backend is generally available but can't be used to capture by index
[ WARN:1@706.385] global cap.cpp:477 cv::VideoCapture::open VIDEOIO(DSHOW): backend is generally available but can't be used to capture by index
[ERROR:1@706.526] global obsensor_uvc_stream_channel.cpp:163 cv::obsensor::getStreamChannelGroup Camera index out of range
[ERROR:1@706.627] global obsensor_uvc_stream_channel.cpp:163 cv::obsensor::getStreamChannelGroup Camera index out of range
[ERROR:1@706.741] global obsensor_uvc_stream_channel.cpp:163 cv::obsensor::getStreamChannelGroup Camera index out of range
[ERROR:1@706.856] global obsensor_uvc_stream_channel.cpp:163 cv::obsensor::getStreamChannelGroup Camera index out of range
[ERROR:1@706.966] global obsensor_uvc_stream_channel.cpp:163 cv::obsensor::getStreamChannelGroup Camera index out of range
2026-09-17 23:09:46,374 WARNING mongdee.core.vision: [discover:5] index=5 state=OPEN_FAILED (tried 10 backend/format combinations, none produced a frame)
[ WARN:1@707.298] global cap.cpp:477 cv::VideoCapture::open VIDEOIO(DSHOW): backend is generally available but can't be used to capture by index
[ WARN:1@707.302] global cap.cpp:477 cv::VideoCapture::open VIDEOIO(DSHOW): backend is generally available but can't be used to capture by index
[ WARN:1@707.306] global cap.cpp:477 cv::VideoCapture::open VIDEOIO(DSHOW): backend is generally available but can't be used to capture by index
[ WARN:1@707.310] global cap.cpp:477 cv::VideoCapture::open VIDEOIO(DSHOW): backend is generally available but can't be used to capture by index
[ WARN:1@707.313] global cap.cpp:477 cv::VideoCapture::open VIDEOIO(DSHOW): backend is generally available but can't be used to capture by index
[ERROR:1@707.525] global obsensor_uvc_stream_channel.cpp:163 cv::obsensor::getStreamChannelGroup Camera index out of range
[ERROR:1@708.490] global obsensor_uvc_stream_channel.cpp:163 cv::obsensor::getStreamChannelGroup Camera index out of range
[ERROR:1@708.626] global obsensor_uvc_stream_channel.cpp:163 cv::obsensor::getStreamChannelGroup Camera index out of range
[ERROR:1@708.786] global obsensor_uvc_stream_channel.cpp:163 cv::obsensor::getStreamChannelGroup Camera index out of range
[ERROR:1@708.911] global obsensor_uvc_stream_channel.cpp:163 cv::obsensor::getStreamChannelGroup Camera index out of range
2026-09-17 23:09:48,319 WARNING mongdee.core.vision: [discover:6] index=6 state=OPEN_FAILED (tried 10 backend/format combinations, none produced a frame)
[ WARN:1@709.271] global cap.cpp:477 cv::VideoCapture::open VIDEOIO(DSHOW): backend is generally available but can't be used to capture by index
[ WARN:1@709.276] global cap.cpp:477 cv::VideoCapture::open VIDEOIO(DSHOW): backend is generally available but can't be used to capture by index
[ WARN:1@709.280] global cap.cpp:477 cv::VideoCapture::open VIDEOIO(DSHOW): backend is generally available but can't be used to capture by index
[ WARN:1@709.283] global cap.cpp:477 cv::VideoCapture::open VIDEOIO(DSHOW): backend is generally available but can't be used to capture by index
[ WARN:1@709.286] global cap.cpp:477 cv::VideoCapture::open VIDEOIO(DSHOW): backend is generally available but can't be used to capture by index
[ERROR:1@709.517] global obsensor_uvc_stream_channel.cpp:163 cv::obsensor::getStreamChannelGroup Camera index out of range
[ERROR:1@709.618] global obsensor_uvc_stream_channel.cpp:163 cv::obsensor::getStreamChannelGroup Camera index out of range
[ERROR:1@709.702] global obsensor_uvc_stream_channel.cpp:163 cv::obsensor::getStreamChannelGroup Camera index out of range
[ERROR:1@709.773] global obsensor_uvc_stream_channel.cpp:163 cv::obsensor::getStreamChannelGroup Camera index out of range
[ERROR:1@709.847] global obsensor_uvc_stream_channel.cpp:163 cv::obsensor::getStreamChannelGroup Camera index out of range
2026-09-17 23:09:49,254 WARNING mongdee.core.vision: [discover:7] index=7 state=OPEN_FAILED (tried 10 backend/format combinations, none produced a frame)
[ WARN:1@709.981] global cap.cpp:477 cv::VideoCapture::open VIDEOIO(DSHOW): backend is generally available but can't be used to capture by index
[ WARN:1@709.983] global cap.cpp:477 cv::VideoCapture::open VIDEOIO(DSHOW): backend is generally available but can't be used to capture by index
[ WARN:1@709.985] global cap.cpp:477 cv::VideoCapture::open VIDEOIO(DSHOW): backend is generally available but can't be used to capture by index
[ WARN:1@709.986] global cap.cpp:477 cv::VideoCapture::open VIDEOIO(DSHOW): backend is generally available but can't be used to capture by index
[ WARN:1@709.988] global cap.cpp:477 cv::VideoCapture::open VIDEOIO(DSHOW): backend is generally available but can't be used to capture by index
[ERROR:1@710.064] global obsensor_uvc_stream_channel.cpp:163 cv::obsensor::getStreamChannelGroup Camera index out of range
[ERROR:1@710.118] global obsensor_uvc_stream_channel.cpp:163 cv::obsensor::getStreamChannelGroup Camera index out of range
[ERROR:1@710.512] global obsensor_uvc_stream_channel.cpp:163 cv::obsensor::getStreamChannelGroup Camera index out of range
[ERROR:1@710.647] global obsensor_uvc_stream_channel.cpp:163 cv::obsensor::getStreamChannelGroup Camera index out of range
[ERROR:1@710.785] global obsensor_uvc_stream_channel.cpp:163 cv::obsensor::getStreamChannelGroup Camera index out of range
2026-09-17 23:09:50,192 WARNING mongdee.core.vision: [discover:8] index=8 state=OPEN_FAILED (tried 10 backend/format combinations, none produced a frame)
[ WARN:1@711.150] global cap.cpp:477 cv::VideoCapture::open VIDEOIO(DSHOW): backend is generally available but can't be used to capture by index
[ WARN:1@711.155] global cap.cpp:477 cv::VideoCapture::open VIDEOIO(DSHOW): backend is generally available but can't be used to capture by index
[ WARN:1@711.160] global cap.cpp:477 cv::VideoCapture::open VIDEOIO(DSHOW): backend is generally available but can't be used to capture by index
[ WARN:1@711.165] global cap.cpp:477 cv::VideoCapture::open VIDEOIO(DSHOW): backend is generally available but can't be used to capture by index
[ WARN:1@711.170] global cap.cpp:477 cv::VideoCapture::open VIDEOIO(DSHOW): backend is generally available but can't be used to capture by index
[ERROR:1@711.332] global obsensor_uvc_stream_channel.cpp:163 cv::obsensor::getStreamChannelGroup Camera index out of range
[ERROR:1@711.665] global obsensor_uvc_stream_channel.cpp:163 cv::obsensor::getStreamChannelGroup Camera index out of range
[ERROR:1@711.811] global obsensor_uvc_stream_channel.cpp:163 cv::obsensor::getStreamChannelGroup Camera index out of range
[ERROR:1@711.938] global obsensor_uvc_stream_channel.cpp:163 cv::obsensor::getStreamChannelGroup Camera index out of range
[ERROR:1@712.067] global obsensor_uvc_stream_channel.cpp:163 cv::obsensor::getStreamChannelGroup Camera index out of range
2026-09-17 23:09:51,475 WARNING mongdee.core.vision: [discover:9] index=9 state=OPEN_FAILED (tried 10 backend/format combinations, none produced a frame)
[ WARN:1@712.311] global cap.cpp:477 cv::VideoCapture::open VIDEOIO(DSHOW): backend is generally available but can't be used to capture by index
[ WARN:1@712.313] global cap.cpp:477 cv::VideoCapture::open VIDEOIO(DSHOW): backend is generally available but can't be used to capture by index
[ WARN:1@712.316] global cap.cpp:477 cv::VideoCapture::open VIDEOIO(DSHOW): backend is generally available but can't be used to capture by index
[ WARN:1@712.318] global cap.cpp:477 cv::VideoCapture::open VIDEOIO(DSHOW): backend is generally available but can't be used to capture by index
[ WARN:1@712.320] global cap.cpp:477 cv::VideoCapture::open VIDEOIO(DSHOW): backend is generally available but can't be used to capture by index
[ERROR:1@712.383] global obsensor_uvc_stream_channel.cpp:163 cv::obsensor::getStreamChannelGroup Camera index out of range
[ERROR:1@712.462] global obsensor_uvc_stream_channel.cpp:163 cv::obsensor::getStreamChannelGroup Camera index out of range
[ERROR:1@712.525] global obsensor_uvc_stream_channel.cpp:163 cv::obsensor::getStreamChannelGroup Camera index out of range
[ERROR:1@712.578] global obsensor_uvc_stream_channel.cpp:163 cv::obsensor::getStreamChannelGroup Camera index out of range
[ERROR:1@712.629] global obsensor_uvc_stream_channel.cpp:163 cv::obsensor::getStreamChannelGroup Camera index out of range
2026-09-17 23:09:52,036 WARNING mongdee.core.vision: [discover:10] index=10 state=OPEN_FAILED (tried 10 backend/format combinations, none produced a frame)
[ WARN:1@712.717] global cap.cpp:477 cv::VideoCapture::open VIDEOIO(DSHOW): backend is generally available but can't be used to capture by index
[ WARN:1@712.719] global cap.cpp:477 cv::VideoCapture::open VIDEOIO(DSHOW): backend is generally available but can't be used to capture by index
[ WARN:1@712.720] global cap.cpp:477 cv::VideoCapture::open VIDEOIO(DSHOW): backend is generally available but can't be used to capture by index
[ WARN:1@712.722] global cap.cpp:477 cv::VideoCapture::open VIDEOIO(DSHOW): backend is generally available but can't be used to capture by index
[ WARN:1@712.724] global cap.cpp:477 cv::VideoCapture::open VIDEOIO(DSHOW): backend is generally available but can't be used to capture by index
[ERROR:1@712.777] global obsensor_uvc_stream_channel.cpp:163 cv::obsensor::getStreamChannelGroup Camera index out of range
[ERROR:1@712.835] global obsensor_uvc_stream_channel.cpp:163 cv::obsensor::getStreamChannelGroup Camera index out of range
[ERROR:1@712.981] global obsensor_uvc_stream_channel.cpp:163 cv::obsensor::getStreamChannelGroup Camera index out of range
[ERROR:1@713.094] global obsensor_uvc_stream_channel.cpp:163 cv::obsensor::getStreamChannelGroup Camera index out of range
[ERROR:1@713.205] global obsensor_uvc_stream_channel.cpp:163 cv::obsensor::getStreamChannelGroup Camera index out of range
2026-09-17 23:09:52,612 WARNING mongdee.core.vision: [discover:11] index=11 state=OPEN_FAILED (tried 10 backend/format combinations, none produced a frame)
[ WARN:1@713.501] global cap.cpp:477 cv::VideoCapture::open VIDEOIO(DSHOW): backend is generally available but can't be used to capture by index
[ WARN:1@713.506] global cap.cpp:477 cv::VideoCapture::open VIDEOIO(DSHOW): backend is generally available but can't be used to capture by index
[ WARN:1@713.512] global cap.cpp:477 cv::VideoCapture::open VIDEOIO(DSHOW): backend is generally available but can't be used to capture by index
[ WARN:1@713.517] global cap.cpp:477 cv::VideoCapture::open VIDEOIO(DSHOW): backend is generally available but can't be used to capture by index
[ WARN:1@713.523] global cap.cpp:477 cv::VideoCapture::open VIDEOIO(DSHOW): backend is generally available but can't be used to capture by index
[ERROR:1@713.668] global obsensor_uvc_stream_channel.cpp:163 cv::obsensor::getStreamChannelGroup Camera index out of range
[ERROR:1@713.790] global obsensor_uvc_stream_channel.cpp:163 cv::obsensor::getStreamChannelGroup Camera index out of range
[ERROR:1@713.924] global obsensor_uvc_stream_channel.cpp:163 cv::obsensor::getStreamChannelGroup Camera index out of range
[ERROR:1@714.057] global obsensor_uvc_stream_channel.cpp:163 cv::obsensor::getStreamChannelGroup Camera index out of range
[ERROR:1@714.190] global obsensor_uvc_stream_channel.cpp:163 cv::obsensor::getStreamChannelGroup Camera index out of range
2026-09-17 23:09:53,598 WARNING mongdee.core.vision: [discover:12] index=12 state=OPEN_FAILED (tried 10 backend/format combinations, none produced a frame)
[ WARN:1@714.522] global cap.cpp:477 cv::VideoCapture::open VIDEOIO(DSHOW): backend is generally available but can't be used to capture by index
[ WARN:1@714.527] global cap.cpp:477 cv::VideoCapture::open VIDEOIO(DSHOW): backend is generally available but can't be used to capture by index
[ WARN:1@714.531] global cap.cpp:477 cv::VideoCapture::open VIDEOIO(DSHOW): backend is generally available but can't be used to capture by index
[ WARN:1@714.540] global cap.cpp:477 cv::VideoCapture::open VIDEOIO(DSHOW): backend is generally available but can't be used to capture by index
[ WARN:1@714.543] global cap.cpp:477 cv::VideoCapture::open VIDEOIO(DSHOW): backend is generally available but can't be used to capture by index
[ERROR:1@714.652] global obsensor_uvc_stream_channel.cpp:163 cv::obsensor::getStreamChannelGroup Camera index out of range
[ERROR:1@714.765] global obsensor_uvc_stream_channel.cpp:163 cv::obsensor::getStreamChannelGroup Camera index out of range
[ERROR:1@714.877] global obsensor_uvc_stream_channel.cpp:163 cv::obsensor::getStreamChannelGroup Camera index out of range
[ERROR:1@714.937] global obsensor_uvc_stream_channel.cpp:163 cv::obsensor::getStreamChannelGroup Camera index out of range
[ERROR:1@714.986] global obsensor_uvc_stream_channel.cpp:163 cv::obsensor::getStreamChannelGroup Camera index out of range
2026-09-17 23:09:54,393 WARNING mongdee.core.vision: [discover:13] index=13 state=OPEN_FAILED (tried 10 backend/format combinations, none produced a frame)
[ WARN:1@715.081] global cap.cpp:477 cv::VideoCapture::open VIDEOIO(DSHOW): backend is generally available but can't be used to capture by index
[ WARN:1@715.083] global cap.cpp:477 cv::VideoCapture::open VIDEOIO(DSHOW): backend is generally available but can't be used to capture by index
[ WARN:1@715.084] global cap.cpp:477 cv::VideoCapture::open VIDEOIO(DSHOW): backend is generally available but can't be used to capture by index
[ WARN:1@715.085] global cap.cpp:477 cv::VideoCapture::open VIDEOIO(DSHOW): backend is generally available but can't be used to capture by index
[ WARN:1@715.087] global cap.cpp:477 cv::VideoCapture::open VIDEOIO(DSHOW): backend is generally available but can't be used to capture by index
[ERROR:1@715.133] global obsensor_uvc_stream_channel.cpp:163 cv::obsensor::getStreamChannelGroup Camera index out of range
[ERROR:1@715.177] global obsensor_uvc_stream_channel.cpp:163 cv::obsensor::getStreamChannelGroup Camera index out of range
[ERROR:1@715.383] global obsensor_uvc_stream_channel.cpp:163 cv::obsensor::getStreamChannelGroup Camera index out of range
[ERROR:1@715.586] global obsensor_uvc_stream_channel.cpp:163 cv::obsensor::getStreamChannelGroup Camera index out of range
[ERROR:1@715.707] global obsensor_uvc_stream_channel.cpp:163 cv::obsensor::getStreamChannelGroup Camera index out of range
2026-09-17 23:09:55,114 WARNING mongdee.core.vision: [discover:14] index=14 state=OPEN_FAILED (tried 10 backend/format combinations, none produced a frame)
[ WARN:1@716.074] global cap.cpp:477 cv::VideoCapture::open VIDEOIO(DSHOW): backend is generally available but can't be used to capture by index
[ WARN:1@716.078] global cap.cpp:477 cv::VideoCapture::open VIDEOIO(DSHOW): backend is generally available but can't be used to capture by index
[ WARN:1@716.082] global cap.cpp:477 cv::VideoCapture::open VIDEOIO(DSHOW): backend is generally available but can't be used to capture by index
[ WARN:1@716.085] global cap.cpp:477 cv::VideoCapture::open VIDEOIO(DSHOW): backend is generally available but can't be used to capture by index
[ WARN:1@716.089] global cap.cpp:477 cv::VideoCapture::open VIDEOIO(DSHOW): backend is generally available but can't be used to capture by index
[ERROR:1@716.241] global obsensor_uvc_stream_channel.cpp:163 cv::obsensor::getStreamChannelGroup Camera index out of range
[ERROR:1@716.607] global obsensor_uvc_stream_channel.cpp:163 cv::obsensor::getStreamChannelGroup Camera index out of range
[ERROR:1@716.745] global obsensor_uvc_stream_channel.cpp:163 cv::obsensor::getStreamChannelGroup Camera index out of range
[ERROR:1@716.841] global obsensor_uvc_stream_channel.cpp:163 cv::obsensor::getStreamChannelGroup Camera index out of range
[ERROR:1@716.933] global obsensor_uvc_stream_channel.cpp:163 cv::obsensor::getStreamChannelGroup Camera index out of range
2026-09-17 23:09:56,742 WARNING mongdee.core.vision: [discover:15] index=15 state=OPEN_FAILED (tried 10 backend/format combinations, none produced a frame)
[ WARN:1@778.031] global cap.cpp:477 cv::VideoCapture::open VIDEOIO(DSHOW): backend is generally available but can't be used to capture by index
[ WARN:1@778.035] global cap.cpp:477 cv::VideoCapture::open VIDEOIO(DSHOW): backend is generally available but can't be used to capture by index
[ WARN:1@778.040] global cap.cpp:477 cv::VideoCapture::open VIDEOIO(DSHOW): backend is generally available but can't be used to capture by index
[ WARN:1@778.045] global cap.cpp:477 cv::VideoCapture::open VIDEOIO(DSHOW): backend is generally available but can't be used to capture by index
[ WARN:1@778.049] global cap.cpp:477 cv::VideoCapture::open VIDEOIO(DSHOW): backend is generally available but can't be used to capture by index
[ERROR:1@778.163] global obsensor_uvc_stream_channel.cpp:163 cv::obsensor::getStreamChannelGroup Camera index out of range
[ERROR:1@778.272] global obsensor_uvc_stream_channel.cpp:163 cv::obsensor::getStreamChannelGroup Camera index out of range
[ERROR:1@778.630] global obsensor_uvc_stream_channel.cpp:163 cv::obsensor::getStreamChannelGroup Camera index out of range
[ERROR:1@778.778] global obsensor_uvc_stream_channel.cpp:163 cv::obsensor::getStreamChannelGroup Camera index out of range
[ERROR:1@778.915] global obsensor_uvc_stream_channel.cpp:163 cv::obsensor::getStreamChannelGroup Camera index out of range
2026-09-17 23:10:58,322 WARNING mongdee.core.vision: [discover:3] index=3 state=OPEN_FAILED (tried 10 backend/format combinations, none produced a frame)
[ WARN:1@779.104] global cap.cpp:477 cv::VideoCapture::open VIDEOIO(DSHOW): backend is generally available but can't be used to capture by index
[ WARN:1@779.107] global cap.cpp:477 cv::VideoCapture::open VIDEOIO(DSHOW): backend is generally available but can't be used to capture by index
[ WARN:1@779.109] global cap.cpp:477 cv::VideoCapture::open VIDEOIO(DSHOW): backend is generally available but can't be used to capture by index
[ WARN:1@779.111] global cap.cpp:477 cv::VideoCapture::open VIDEOIO(DSHOW): backend is generally available but can't be used to capture by index
[ WARN:1@779.113] global cap.cpp:477 cv::VideoCapture::open VIDEOIO(DSHOW): backend is generally available but can't be used to capture by index
[ERROR:1@779.182] global obsensor_uvc_stream_channel.cpp:163 cv::obsensor::getStreamChannelGroup Camera index out of range
[ERROR:1@779.354] global obsensor_uvc_stream_channel.cpp:163 cv::obsensor::getStreamChannelGroup Camera index out of range
[ERROR:1@779.691] global obsensor_uvc_stream_channel.cpp:163 cv::obsensor::getStreamChannelGroup Camera index out of range
[ERROR:1@779.848] global obsensor_uvc_stream_channel.cpp:163 cv::obsensor::getStreamChannelGroup Camera index out of range
[ERROR:1@779.992] global obsensor_uvc_stream_channel.cpp:163 cv::obsensor::getStreamChannelGroup Camera index out of range
2026-09-17 23:10:59,399 WARNING mongdee.core.vision: [discover:4] index=4 state=OPEN_FAILED (tried 10 backend/format combinations, none produced a frame)
[ WARN:1@780.381] global cap.cpp:477 cv::VideoCapture::open VIDEOIO(DSHOW): backend is generally available but can't be used to capture by index
[ WARN:1@780.385] global cap.cpp:477 cv::VideoCapture::open VIDEOIO(DSHOW): backend is generally available but can't be used to capture by index
[ WARN:1@780.389] global cap.cpp:477 cv::VideoCapture::open VIDEOIO(DSHOW): backend is generally available but can't be used to capture by index
[ WARN:1@780.392] global cap.cpp:477 cv::VideoCapture::open VIDEOIO(DSHOW): backend is generally available but can't be used to capture by index
[ WARN:1@780.395] global cap.cpp:477 cv::VideoCapture::open VIDEOIO(DSHOW): backend is generally available but can't be used to capture by index
[ERROR:1@780.521] global obsensor_uvc_stream_channel.cpp:163 cv::obsensor::getStreamChannelGroup Camera index out of range
[ERROR:1@780.628] global obsensor_uvc_stream_channel.cpp:163 cv::obsensor::getStreamChannelGroup Camera index out of range
[ERROR:1@780.734] global obsensor_uvc_stream_channel.cpp:163 cv::obsensor::getStreamChannelGroup Camera index out of range
[ERROR:1@780.831] global obsensor_uvc_stream_channel.cpp:163 cv::obsensor::getStreamChannelGroup Camera index out of range
[ERROR:1@780.892] global obsensor_uvc_stream_channel.cpp:163 cv::obsensor::getStreamChannelGroup Camera index out of range
2026-09-17 23:11:00,299 WARNING mongdee.core.vision: [discover:5] index=5 state=OPEN_FAILED (tried 10 backend/format combinations, none produced a frame)
[ WARN:1@780.979] global cap.cpp:477 cv::VideoCapture::open VIDEOIO(DSHOW): backend is generally available but can't be used to capture by index
[ WARN:1@781.294] global cap.cpp:477 cv::VideoCapture::open VIDEOIO(DSHOW): backend is generally available but can't be used to capture by index
[ WARN:1@781.296] global cap.cpp:477 cv::VideoCapture::open VIDEOIO(DSHOW): backend is generally available but can't be used to capture by index
[ WARN:1@781.299] global cap.cpp:477 cv::VideoCapture::open VIDEOIO(DSHOW): backend is generally available but can't be used to capture by index
[ WARN:1@781.302] global cap.cpp:477 cv::VideoCapture::open VIDEOIO(DSHOW): backend is generally available but can't be used to capture by index
[ERROR:1@781.711] global obsensor_uvc_stream_channel.cpp:163 cv::obsensor::getStreamChannelGroup Camera index out of range
[ERROR:1@781.992] global obsensor_uvc_stream_channel.cpp:163 cv::obsensor::getStreamChannelGroup Camera index out of range
[ERROR:1@782.244] global obsensor_uvc_stream_channel.cpp:163 cv::obsensor::getStreamChannelGroup Camera index out of range
[ERROR:1@782.469] global obsensor_uvc_stream_channel.cpp:163 cv::obsensor::getStreamChannelGroup Camera index out of range
[ERROR:1@782.580] global obsensor_uvc_stream_channel.cpp:163 cv::obsensor::getStreamChannelGroup Camera index out of range
2026-09-17 23:11:01,987 WARNING mongdee.core.vision: [discover:6] index=6 state=OPEN_FAILED (tried 10 backend/format combinations, none produced a frame)
[ WARN:1@782.907] global cap.cpp:477 cv::VideoCapture::open VIDEOIO(DSHOW): backend is generally available but can't be used to capture by index
[ WARN:1@782.911] global cap.cpp:477 cv::VideoCapture::open VIDEOIO(DSHOW): backend is generally available but can't be used to capture by index
[ WARN:1@782.915] global cap.cpp:477 cv::VideoCapture::open VIDEOIO(DSHOW): backend is generally available but can't be used to capture by index
[ WARN:1@782.919] global cap.cpp:477 cv::VideoCapture::open VIDEOIO(DSHOW): backend is generally available but can't be used to capture by index
[ WARN:1@782.924] global cap.cpp:477 cv::VideoCapture::open VIDEOIO(DSHOW): backend is generally available but can't be used to capture by index
[ERROR:1@783.055] global obsensor_uvc_stream_channel.cpp:163 cv::obsensor::getStreamChannelGroup Camera index out of range
[ERROR:1@783.182] global obsensor_uvc_stream_channel.cpp:163 cv::obsensor::getStreamChannelGroup Camera index out of range
[ERROR:1@783.309] global obsensor_uvc_stream_channel.cpp:163 cv::obsensor::getStreamChannelGroup Camera index out of range
[ERROR:1@783.642] global obsensor_uvc_stream_channel.cpp:163 cv::obsensor::getStreamChannelGroup Camera index out of range
[ERROR:1@783.797] global obsensor_uvc_stream_channel.cpp:163 cv::obsensor::getStreamChannelGroup Camera index out of range
2026-09-17 23:11:03,204 WARNING mongdee.core.vision: [discover:7] index=7 state=OPEN_FAILED (tried 10 backend/format combinations, none produced a frame)
[ WARN:1@784.206] global cap.cpp:477 cv::VideoCapture::open VIDEOIO(DSHOW): backend is generally available but can't be used to capture by index
[ WARN:1@784.212] global cap.cpp:477 cv::VideoCapture::open VIDEOIO(DSHOW): backend is generally available but can't be used to capture by index
[ WARN:1@784.217] global cap.cpp:477 cv::VideoCapture::open VIDEOIO(DSHOW): backend is generally available but can't be used to capture by index
[ WARN:1@784.222] global cap.cpp:477 cv::VideoCapture::open VIDEOIO(DSHOW): backend is generally available but can't be used to capture by index
[ WARN:1@784.228] global cap.cpp:477 cv::VideoCapture::open VIDEOIO(DSHOW): backend is generally available but can't be used to capture by index
[ERROR:1@784.362] global obsensor_uvc_stream_channel.cpp:163 cv::obsensor::getStreamChannelGroup Camera index out of range
[ERROR:1@784.553] global obsensor_uvc_stream_channel.cpp:163 cv::obsensor::getStreamChannelGroup Camera index out of range
[ERROR:1@784.664] global obsensor_uvc_stream_channel.cpp:163 cv::obsensor::getStreamChannelGroup Camera index out of range
[ERROR:1@784.783] global obsensor_uvc_stream_channel.cpp:163 cv::obsensor::getStreamChannelGroup Camera index out of range
[ERROR:1@784.947] global obsensor_uvc_stream_channel.cpp:163 cv::obsensor::getStreamChannelGroup Camera index out of range
2026-09-17 23:11:04,354 WARNING mongdee.core.vision: [discover:8] index=8 state=OPEN_FAILED (tried 10 backend/format combinations, none produced a frame)
[ WARN:1@785.275] global cap.cpp:477 cv::VideoCapture::open VIDEOIO(DSHOW): backend is generally available but can't be used to capture by index
[ WARN:1@785.278] global cap.cpp:477 cv::VideoCapture::open VIDEOIO(DSHOW): backend is generally available but can't be used to capture by index
[ WARN:1@785.282] global cap.cpp:477 cv::VideoCapture::open VIDEOIO(DSHOW): backend is generally available but can't be used to capture by index
[ WARN:1@785.286] global cap.cpp:477 cv::VideoCapture::open VIDEOIO(DSHOW): backend is generally available but can't be used to capture by index
[ WARN:1@785.290] global cap.cpp:477 cv::VideoCapture::open VIDEOIO(DSHOW): backend is generally available but can't be used to capture by index
[ERROR:1@785.602] global obsensor_uvc_stream_channel.cpp:163 cv::obsensor::getStreamChannelGroup Camera index out of range
[ERROR:1@785.761] global obsensor_uvc_stream_channel.cpp:163 cv::obsensor::getStreamChannelGroup Camera index out of range
[ERROR:1@785.907] global obsensor_uvc_stream_channel.cpp:163 cv::obsensor::getStreamChannelGroup Camera index out of range
[ERROR:1@786.082] global obsensor_uvc_stream_channel.cpp:163 cv::obsensor::getStreamChannelGroup Camera index out of range
[ERROR:1@786.228] global obsensor_uvc_stream_channel.cpp:163 cv::obsensor::getStreamChannelGroup Camera index out of range
2026-09-17 23:11:05,635 WARNING mongdee.core.vision: [discover:9] index=9 state=OPEN_FAILED (tried 10 backend/format combinations, none produced a frame)
[ WARN:1@786.513] global cap.cpp:477 cv::VideoCapture::open VIDEOIO(DSHOW): backend is generally available but can't be used to capture by index
[ WARN:1@786.516] global cap.cpp:477 cv::VideoCapture::open VIDEOIO(DSHOW): backend is generally available but can't be used to capture by index
[ WARN:1@786.520] global cap.cpp:477 cv::VideoCapture::open VIDEOIO(DSHOW): backend is generally available but can't be used to capture by index
[ WARN:1@786.523] global cap.cpp:477 cv::VideoCapture::open VIDEOIO(DSHOW): backend is generally available but can't be used to capture by index
[ WARN:1@786.527] global cap.cpp:477 cv::VideoCapture::open VIDEOIO(DSHOW): backend is generally available but can't be used to capture by index
[ERROR:1@786.738] global obsensor_uvc_stream_channel.cpp:163 cv::obsensor::getStreamChannelGroup Camera index out of range
[ERROR:1@786.896] global obsensor_uvc_stream_channel.cpp:163 cv::obsensor::getStreamChannelGroup Camera index out of range
[ERROR:1@787.034] global obsensor_uvc_stream_channel.cpp:163 cv::obsensor::getStreamChannelGroup Camera index out of range
[ERROR:1@787.169] global obsensor_uvc_stream_channel.cpp:163 cv::obsensor::getStreamChannelGroup Camera index out of range
[ERROR:1@787.302] global obsensor_uvc_stream_channel.cpp:163 cv::obsensor::getStreamChannelGroup Camera index out of range
2026-09-17 23:11:06,710 WARNING mongdee.core.vision: [discover:10] index=10 state=OPEN_FAILED (tried 10 backend/format combinations, none produced a frame)
[ WARN:1@787.486] global cap.cpp:477 cv::VideoCapture::open VIDEOIO(DSHOW): backend is generally available but can't be used to capture by index
[ WARN:1@787.488] global cap.cpp:477 cv::VideoCapture::open VIDEOIO(DSHOW): backend is generally available but can't be used to capture by index
[ WARN:1@787.489] global cap.cpp:477 cv::VideoCapture::open VIDEOIO(DSHOW): backend is generally available but can't be used to capture by index
[ WARN:1@787.491] global cap.cpp:477 cv::VideoCapture::open VIDEOIO(DSHOW): backend is generally available but can't be used to capture by index
[ WARN:1@787.492] global cap.cpp:477 cv::VideoCapture::open VIDEOIO(DSHOW): backend is generally available but can't be used to capture by index
[ERROR:1@787.542] global obsensor_uvc_stream_channel.cpp:163 cv::obsensor::getStreamChannelGroup Camera index out of range
[ERROR:1@787.635] global obsensor_uvc_stream_channel.cpp:163 cv::obsensor::getStreamChannelGroup Camera index out of range
[ERROR:1@787.736] global obsensor_uvc_stream_channel.cpp:163 cv::obsensor::getStreamChannelGroup Camera index out of range
[ERROR:1@787.844] global obsensor_uvc_stream_channel.cpp:163 cv::obsensor::getStreamChannelGroup Camera index out of range
[ERROR:1@787.949] global obsensor_uvc_stream_channel.cpp:163 cv::obsensor::getStreamChannelGroup Camera index out of range
2026-09-17 23:11:07,356 WARNING mongdee.core.vision: [discover:11] index=11 state=OPEN_FAILED (tried 10 backend/format combinations, none produced a frame)
[ WARN:1@788.276] global cap.cpp:477 cv::VideoCapture::open VIDEOIO(DSHOW): backend is generally available but can't be used to capture by index
[ WARN:1@788.280] global cap.cpp:477 cv::VideoCapture::open VIDEOIO(DSHOW): backend is generally available but can't be used to capture by index
[ WARN:1@788.284] global cap.cpp:477 cv::VideoCapture::open VIDEOIO(DSHOW): backend is generally available but can't be used to capture by index
[ WARN:1@788.287] global cap.cpp:477 cv::VideoCapture::open VIDEOIO(DSHOW): backend is generally available but can't be used to capture by index
[ WARN:1@788.290] global cap.cpp:477 cv::VideoCapture::open VIDEOIO(DSHOW): backend is generally available but can't be used to capture by index
[ERROR:1@788.590] global obsensor_uvc_stream_channel.cpp:163 cv::obsensor::getStreamChannelGroup Camera index out of range
[ERROR:1@788.751] global obsensor_uvc_stream_channel.cpp:163 cv::obsensor::getStreamChannelGroup Camera index out of range
[ERROR:1@788.900] global obsensor_uvc_stream_channel.cpp:163 cv::obsensor::getStreamChannelGroup Camera index out of range
[ERROR:1@789.049] global obsensor_uvc_stream_channel.cpp:163 cv::obsensor::getStreamChannelGroup Camera index out of range
[ERROR:1@789.185] global obsensor_uvc_stream_channel.cpp:163 cv::obsensor::getStreamChannelGroup Camera index out of range
2026-09-17 23:11:08,592 WARNING mongdee.core.vision: [discover:12] index=12 state=OPEN_FAILED (tried 10 backend/format combinations, none produced a frame)
[ WARN:1@789.530] global cap.cpp:477 cv::VideoCapture::open VIDEOIO(DSHOW): backend is generally available but can't be used to capture by index
[ WARN:1@789.534] global cap.cpp:477 cv::VideoCapture::open VIDEOIO(DSHOW): backend is generally available but can't be used to capture by index
[ WARN:1@789.539] global cap.cpp:477 cv::VideoCapture::open VIDEOIO(DSHOW): backend is generally available but can't be used to capture by index
[ WARN:1@789.543] global cap.cpp:477 cv::VideoCapture::open VIDEOIO(DSHOW): backend is generally available but can't be used to capture by index
[ WARN:1@789.547] global cap.cpp:477 cv::VideoCapture::open VIDEOIO(DSHOW): backend is generally available but can't be used to capture by index
[ERROR:1@790.077] global obsensor_uvc_stream_channel.cpp:163 cv::obsensor::getStreamChannelGroup Camera index out of range
[ERROR:1@790.221] global obsensor_uvc_stream_channel.cpp:163 cv::obsensor::getStreamChannelGroup Camera index out of range
[ERROR:1@790.376] global obsensor_uvc_stream_channel.cpp:163 cv::obsensor::getStreamChannelGroup Camera index out of range
[ERROR:1@790.774] global obsensor_uvc_stream_channel.cpp:163 cv::obsensor::getStreamChannelGroup Camera index out of range
[ERROR:1@790.920] global obsensor_uvc_stream_channel.cpp:163 cv::obsensor::getStreamChannelGroup Camera index out of range
2026-09-17 23:11:10,327 WARNING mongdee.core.vision: [discover:13] index=13 state=OPEN_FAILED (tried 10 backend/format combinations, none produced a frame)
[ WARN:1@791.219] global cap.cpp:477 cv::VideoCapture::open VIDEOIO(DSHOW): backend is generally available but can't be used to capture by index
[ WARN:1@791.222] global cap.cpp:477 cv::VideoCapture::open VIDEOIO(DSHOW): backend is generally available but can't be used to capture by index
[ WARN:1@791.226] global cap.cpp:477 cv::VideoCapture::open VIDEOIO(DSHOW): backend is generally available but can't be used to capture by index
[ WARN:1@791.230] global cap.cpp:477 cv::VideoCapture::open VIDEOIO(DSHOW): backend is generally available but can't be used to capture by index
[ WARN:1@791.234] global cap.cpp:477 cv::VideoCapture::open VIDEOIO(DSHOW): backend is generally available but can't be used to capture by index
[ERROR:1@791.739] global obsensor_uvc_stream_channel.cpp:163 cv::obsensor::getStreamChannelGroup Camera index out of range
[ERROR:1@791.943] global obsensor_uvc_stream_channel.cpp:163 cv::obsensor::getStreamChannelGroup Camera index out of range
[ERROR:1@792.191] global obsensor_uvc_stream_channel.cpp:163 cv::obsensor::getStreamChannelGroup Camera index out of range
[ERROR:1@792.342] global obsensor_uvc_stream_channel.cpp:163 cv::obsensor::getStreamChannelGroup Camera index out of range
[ERROR:1@792.546] global obsensor_uvc_stream_channel.cpp:163 cv::obsensor::getStreamChannelGroup Camera index out of range
2026-09-17 23:11:11,953 WARNING mongdee.core.vision: [discover:14] index=14 state=OPEN_FAILED (tried 10 backend/format combinations, none produced a frame)
[ WARN:1@792.848] global cap.cpp:477 cv::VideoCapture::open VIDEOIO(DSHOW): backend is generally available but can't be used to capture by index
[ WARN:1@792.852] global cap.cpp:477 cv::VideoCapture::open VIDEOIO(DSHOW): backend is generally available but can't be used to capture by index
[ WARN:1@792.856] global cap.cpp:477 cv::VideoCapture::open VIDEOIO(DSHOW): backend is generally available but can't be used to capture by index
[ WARN:1@792.859] global cap.cpp:477 cv::VideoCapture::open VIDEOIO(DSHOW): backend is generally available but can't be used to capture by index
[ WARN:1@792.863] global cap.cpp:477 cv::VideoCapture::open VIDEOIO(DSHOW): backend is generally available but can't be used to capture by index
[ERROR:1@792.972] global obsensor_uvc_stream_channel.cpp:163 cv::obsensor::getStreamChannelGroup Camera index out of range
[ERROR:1@793.105] global obsensor_uvc_stream_channel.cpp:163 cv::obsensor::getStreamChannelGroup Camera index out of range
[ERROR:1@793.218] global obsensor_uvc_stream_channel.cpp:163 cv::obsensor::getStreamChannelGroup Camera index out of range
[ERROR:1@793.579] global obsensor_uvc_stream_channel.cpp:163 cv::obsensor::getStreamChannelGroup Camera index out of range
[ERROR:1@793.746] global obsensor_uvc_stream_channel.cpp:163 cv::obsensor::getStreamChannelGroup Camera index out of range
2026-09-17 23:11:13,153 WARNING mongdee.core.vision: [discover:15] index=15 state=OPEN_FAILED (tried 10 backend/format combinations, none produced a frame)
2026-09-17 23:11:42,569 WARNING mongdee.core.performance: [PERF] CPU สูงต่อเนื่อง (99% >= 95% นาน 6s) — พัก AI ทั้งระบบชั่วคราว (Camera Preview ยังทำงานปกติ)
2026-09-17 23:11:44,571 INFO mongdee.core.performance: [PERF] CAM-1: restoring AI input resolution (320px -> 480px)
2026-09-17 23:11:46,574 INFO mongdee.core.performance: [PERF] CAM-1: restoring AI input resolution (480px -> 640px)
2026-09-17 23:11:48,576 INFO mongdee.core.performance: [PERF] CAM-1: restoring AI inference rate (every 8 -> 7 frames)
2026-09-17 23:11:50,578 INFO mongdee.core.performance: [PERF] CPU กลับสู่ปกติ (11% <= 70% นาน 6s) — เริ่ม AI ต่ออัตโนมัติ
2026-09-17 23:11:50,578 INFO mongdee.core.performance: [PERF] CAM-1: restoring AI inference rate (every 7 -> 6 frames)
2026-09-17 23:11:52,584 INFO mongdee.core.performance: [PERF] CAM-1: restoring AI inference rate (every 6 -> 5 frames)
2026-09-17 23:11:54,590 INFO mongdee.core.performance: [PERF] CAM-1: reducing AI inference rate (every 5 -> 6 frames)
